rank,node_id,node_name,mean_sensitivity,max_sensitivity,max_unit,mean_roi_sensitivity,mean_roi_to_non_roi_ratio,mean_image_sensitivity,std_image_sensitivity,cv_image_sensitivity
1,7,ADD_07_D3,0.875641791065,1.96164939353,5QC,0.884021314009,1.01573865314,0.877344413563,0.0222145474033,0.0253202129744
2,4,ADD_04_D0,0.704017166541,1.4645192243,5QC,0.712274350698,1.01653877022,0.706856745721,0.0219253477092,0.0310180921975
3,5,ADD_05_D1,0.697744031077,1.40476445471,5QC,0.702883811068,1.01203348191,0.700001346013,0.0196404393549,0.0280577165554
4,11,ADD_11_X1_ACC1,0.69659427422,1.27019377005,5QC,0.703075555128,1.02234288883,0.698596651405,0.0174978306446,0.0250471149688
5,23,ADD_23_X5_ACC1,0.696435294536,1.28420163346,5QC,0.701449387037,1.01397609379,0.69847386237,0.0220807939321,0.0316129136991
6,17,ADD_17_X3_ACC1,0.694717647577,1.2843619034,5QC,0.70058174202,1.01560401847,0.696918755463,0.0208538608345,0.0299229439171
7,6,ADD_06_D2,0.6847667871,1.37330875087,5QC,0.691851441113,1.02339449815,0.68661748584,0.0181302973146,0.0264052368146
8,28,ADD_28_X6_ACC3,0.677450033408,1.23884401181,5QC,0.679869128345,1.00378750424,0.678156769754,0.00776955432729,0.0114568705553
9,22,ADD_22_X4_ACC3,0.674983622597,1.16000365696,5QC,0.672935500695,0.986511836668,0.675924704423,0.00796590263974,0.0117851923263
10,12,ADD_12_X1_ACC2,0.67200616203,1.23710636588,5QC,0.672364840627,1.00094913835,0.673670513217,0.0177111760657,0.0262905615108
11,24,ADD_24_X5_ACC2,0.669635140086,1.33985286078,5QC,0.672607733304,1.00633805468,0.672673934317,0.0173930548082,0.0258565910182
12,31,ADD_31_X7_ACC3,0.668289137931,1.20683583592,5QC,0.670640123759,1.00406441547,0.669536628878,0.0127052005838,0.0189761097986
13,18,ADD_18_X3_ACC2,0.665248763603,1.24704832934,5QC,0.670796488602,1.02037268005,0.667036851151,0.0156421280742,0.0234501707772
14,20,ADD_20_X4_ACC1,0.662873983965,1.09106740151,5QC,0.665618295112,1.0033185614,0.663370876031,0.00718322816783,0.0108283743338
15,16,ADD_16_X2_ACC3,0.658486015772,1.06823791948,5QC,0.662337592449,1.01184404161,0.659316365363,0.00743223481779,0.0112726381571
16,21,ADD_21_X4_ACC2,0.657800699644,1.03063702707,5QC,0.6581861502,0.99888111187,0.658278103394,0.0110914445264,0.0168491773753
17,10,ADD_10_X0_ACC3,0.653504666476,1.01695545932,5QC,0.650168862331,0.981541369486,0.653623317698,0.00453531132715,0.00693872327431
18,26,ADD_26_X6_ACC1,0.651417766007,1.06950703728,5QC,0.655256264835,1.0128152694,0.651636992273,0.0109149915231,0.0167501103413
19,27,ADD_27_X6_ACC2,0.651080014858,1.06790848669,5QC,0.649949220904,0.991935643124,0.651516093389,0.00860821716163,0.0132125932866
20,15,ADD_15_X2_ACC2,0.6498670602,1.03176876923,5QC,0.650781456406,1.00201354714,0.650144679828,0.00743760019877,0.0114399154981
21,30,ADD_30_X7_ACC2,0.649220348591,1.06650613236,5QC,0.651661989299,1.00447675677,0.650255413521,0.0100173041317,0.0154051837531
22,9,ADD_09_X0_ACC2,0.648244019429,0.990102304803,5QT,0.643279470879,0.978869448485,0.647944821219,0.00558599794123,0.00862110130107
23,8,ADD_08_X0_ACC1,0.648045327775,1.01860540728,5QC,0.644746669997,0.979521313418,0.648320698494,0.00416216546611,0.00641991760526
24,14,ADD_14_X2_ACC1,0.647507814128,1.0300798796,5QC,0.643800502552,0.978445460144,0.647884555231,0.00883956857094,0.0136437402305
25,29,ADD_29_X7_ACC1,0.645636737391,1.05131057597,5QC,0.648726626369,1.01063975067,0.64635478198,0.0122616708575,0.0189704960795
26,3,ADD_03_S3,0.610011177641,1.13659915334,5QC,0.614126523247,1.01006291851,0.612037316966,0.0211489039183,0.0345549255447
27,0,ADD_00_S0,0.609500006746,1.1306798425,5QC,0.611497793009,0.996267446028,0.611691838966,0.0222479550982,0.0363711818287
28,2,ADD_02_S2,0.608660473289,1.13912277561,5QC,0.610961351194,1.00513223416,0.610401077794,0.0201926425705,0.0330809418677
29,1,ADD_01_S1,0.608487966068,1.1353811023,5QC,0.609821038429,0.994734006713,0.610423402151,0.020769359116,0.0340245132196
30,25,ADD_25_X5_ACC3,0.533078350354,0.615871603244,5L8,0.529492891504,0.985584917297,0.533815796748,0.0047917583819,0.00897642672077
31,19,ADD_19_X3_ACC3,0.53013893237,0.608286845928,5L8,0.529588723989,0.999614634766,0.530503770036,0.00301397652973,0.00568134799405
32,13,ADD_13_X1_ACC3,0.527496156529,0.598220508592,5L8,0.52314338391,0.98147262449,0.527597156637,0.00313766917045,0.00594709264631
