node_id,node_name,signal,bias,image_index,lower,upper,roi_trigger_rate,non_roi_trigger_rate,gap
7,ADD_07_D3,input1,ROI,1,-84,-46,0.300291814421,0.192008883409,0.108282931012
7,ADD_07_D3,input1,Non-ROI,1,-45,285,0.58777519208,0.679104625063,0.0913294329828
7,ADD_07_D3,input2,ROI,1,43,84,0.308067375887,0.204634547294,0.103432828593
7,ADD_07_D3,input2,Non-ROI,1,-283,42,0.576721335697,0.666374241275,0.0896529055773
7,ADD_07_D3,baseline_output,ROI,1,-1,4,0.596797429078,0.552284869752,0.0445125593259
7,ADD_07_D3,baseline_output,Non-ROI,1,-18,-2,0.239158540189,0.268727080172,0.0295685399829
4,ADD_04_D0,input1,ROI,1,-85,-48,0.291214169622,0.187912952074,0.103301217548
4,ADD_04_D0,input1,Non-ROI,1,-47,292,0.599761746454,0.690339292489,0.0905775460347
4,ADD_04_D0,input2,ROI,1,45,84,0.296699541962,0.193915575999,0.102783965963
4,ADD_04_D0,input2,Non-ROI,1,-290,44,0.583250221631,0.676358197395,0.0931079757638
4,ADD_04_D0,baseline_output,ROI,1,-8,16,0.644752881206,0.616537446257,0.0282154349487
4,ADD_04_D0,baseline_output,Non-ROI,1,-40,-9,0.153221040189,0.182568285281,0.0293472450916
5,ADD_05_D1,input1,ROI,1,-84,-47,0.294769503546,0.185982549317,0.108786954229
5,ADD_05_D1,input1,Non-ROI,1,-46,294,0.594350251182,0.685506370132,0.0911561189495
5,ADD_05_D1,input2,ROI,1,48,84,0.285664154846,0.179964118614,0.105700036232
5,ADD_05_D1,input2,Non-ROI,1,-292,47,0.595929373522,0.690937974203,0.0950086006809
5,ADD_05_D1,baseline_output,ROI,1,-5,15,0.631168735225,0.599574797673,0.0315939375513
5,ADD_05_D1,baseline_output,Non-ROI,1,-47,-6,0.202931072695,0.234558753794,0.0316276810986
11,ADD_11_X1_ACC1,input1,ROI,1,-3,8,0.637383643617,0.609720773268,0.0276628703494
11,ADD_11_X1_ACC1,input1,Non-ROI,1,-19,-4,0.165493868203,0.194231711558,0.0287378433546
11,ADD_11_X1_ACC1,input2,ROI,1,0,6,0.527131353428,0.496439523268,0.0306918301603
11,ADD_11_X1_ACC1,input2,Non-ROI,1,-19,-1,0.306100398936,0.336378113935,0.0302777149991
11,ADD_11_X1_ACC1,baseline_output,ROI,1,-5,16,0.647948064421,0.618967738366,0.0289803260546
11,ADD_11_X1_ACC1,baseline_output,Non-ROI,1,-39,-6,0.184664967494,0.214424870384,0.0297599028903
23,ADD_23_X5_ACC1,input1,ROI,1,0,4,0.508126477541,0.481110900354,0.0270155771873
23,ADD_23_X5_ACC1,input1,Non-ROI,1,-11,-1,0.292174571513,0.319994388594,0.0278198170808
23,ADD_23_X5_ACC1,input2,ROI,1,-7,2,0.631168735225,0.599574797673,0.0315939375513
23,ADD_23_X5_ACC1,input2,Non-ROI,1,3,23,0.202931072695,0.234558753794,0.0316276810986
23,ADD_23_X5_ACC1,baseline_output,ROI,1,-2,1,0.628379875887,0.586846389732,0.0415334861546
23,ADD_23_X5_ACC1,baseline_output,Non-ROI,1,2,19,0.200308436761,0.234250521624,0.0339420848624
17,ADD_17_X3_ACC1,input1,ROI,1,-3,7,0.657746010638,0.629769695245,0.027976315393
17,ADD_17_X3_ACC1,input1,Non-ROI,1,-16,-4,0.151170951537,0.18038299823,0.029212046693
17,ADD_17_X3_ACC1,input2,ROI,1,-1,0,0.631168735225,0.599574797673,0.0315939375513
17,ADD_17_X3_ACC1,input2,Non-ROI,1,1,4,0.202063017139,0.23324283953,0.0311798223901
17,ADD_17_X3_ACC1,baseline_output,ROI,1,-2,8,0.676778590426,0.648822790212,0.0279558002131
17,ADD_17_X3_ACC1,baseline_output,Non-ROI,1,-13,-3,0.167470079787,0.195231490263,0.0277614104758
6,ADD_06_D2,input1,ROI,1,-83,-51,0.269669769504,0.159865800455,0.109803969048
6,ADD_06_D2,input1,Non-ROI,1,-50,290,0.61392767435,0.702625110647,0.0886974362976
6,ADD_06_D2,input2,ROI,1,48,83,0.277740839243,0.173929881133,0.10381095811
6,ADD_06_D2,input2,Non-ROI,1,-288,47,0.596187943262,0.688606474456,0.0924185311938
6,ADD_06_D2,baseline_output,ROI,1,-6,8,0.642157949173,0.600511349267,0.041646599906
6,ADD_06_D2,baseline_output,Non-ROI,1,-44,-7,0.16600177305,0.199165402124,0.0331636290748
28,ADD_28_X6_ACC3,input1,ROI,1,-32,-17,0.309387928487,0.204747170587,0.1046407579
28,ADD_28_X6_ACC3,input1,Non-ROI,1,-16,110,0.578632904846,0.669600799823,0.0909678949766
28,ADD_28_X6_ACC3,input2,ROI,1,17,32,0.31081929669,0.203618961811,0.107200334879
28,ADD_28_X6_ACC3,input2,Non-ROI,1,-109,16,0.578762189716,0.6700473413,0.0912851515836
28,ADD_28_X6_ACC3,baseline_output,ROI,1,-2,5,0.98918624409,0.984610125822,0.00457611826788
28,ADD_28_X6_ACC3,baseline_output,Non-ROI,1,-5,-3,0.00977947695035,0.0140304912747,0.0042510143243
22,ADD_22_X4_ACC3,input1,ROI,1,33,59,0.289034796099,0.186150496333,0.102884299766
22,ADD_22_X4_ACC3,input1,Non-ROI,1,-207,32,0.591746084515,0.679614393652,0.0878683091366
22,ADD_22_X4_ACC3,input2,ROI,1,-59,-31,0.306617538416,0.200044654148,0.106572884268
22,ADD_22_X4_ACC3,input2,Non-ROI,1,-30,201,0.578762189716,0.6700473413,0.0912851515836
22,ADD_22_X4_ACC3,baseline_output,ROI,1,-1,1,0.691110741726,0.631941151366,0.0591695903601
22,ADD_22_X4_ACC3,baseline_output,Non-ROI,1,-28,-2,0.151401817376,0.184538204982,0.0331363876064
12,ADD_12_X1_ACC2,input1,ROI,1,-5,16,0.647948064421,0.618967738366,0.0289803260546
12,ADD_12_X1_ACC2,input1,Non-ROI,1,-39,-6,0.184664967494,0.214424870384,0.0297599028903
12,ADD_12_X1_ACC2,input2,ROI,1,0,2,0.516465351655,0.477414090162,0.039051261493
12,ADD_12_X1_ACC2,input2,Non-ROI,1,-12,-1,0.305121527778,0.336129157183,0.0310076294048
12,ADD_12_X1_ACC2,baseline_output,ROI,1,-7,19,0.663120567376,0.631607233182,0.0315133341943
12,ADD_12_X1_ACC2,baseline_output,Non-ROI,1,-53,-8,0.179345818558,0.210251881007,0.0309060624487
24,ADD_24_X5_ACC2,input1,ROI,1,-2,1,0.628379875887,0.586846389732,0.0415334861546
24,ADD_24_X5_ACC2,input1,Non-ROI,1,2,19,0.200308436761,0.234250521624,0.0339420848624
24,ADD_24_X5_ACC2,input2,ROI,1,0,1,0.688811317967,0.65336131133,0.0354500066366
24,ADD_24_X5_ACC2,input2,Non-ROI,1,-4,-1,0.188996010638,0.219188638088,0.0301926274497
24,ADD_24_X5_ACC2,baseline_output,ROI,1,-1,1,0.648779181442,0.607361611659,0.041417569783
24,ADD_24_X5_ACC2,baseline_output,Non-ROI,1,2,12,0.157967641844,0.191321288569,0.0333536467246
31,ADD_31_X7_ACC3,input1,ROI,1,-1,1,0.620613549054,0.574740373672,0.0458731753821
31,ADD_31_X7_ACC3,input1,Non-ROI,1,-11,-2,0.170933067376,0.201540370511,0.030607303135
31,ADD_31_X7_ACC3,input2,ROI,1,-1,0,0.560422207447,0.517057489251,0.0433647181954
31,ADD_31_X7_ACC3,input2,Non-ROI,1,1,10,0.246084515366,0.275512139605,0.029427624239
31,ADD_31_X7_ACC3,baseline_output,ROI,1,0,0,0.582696143617,0.565781882271,0.0169142613459
31,ADD_31_X7_ACC3,baseline_output,Non-ROI,1,-4,-1,0.202820257092,0.215677557537,0.0128573004445
7,ADD_07_D3,input1,ROI,2,-341,-86,0.151623448582,0.060802747218,0.0908207013636
7,ADD_07_D3,input1,Non-ROI,2,-85,34,0.775349069149,0.884355636697,0.109006567548
7,ADD_07_D3,input2,ROI,2,76,344,0.184230939716,0.0927739314618,0.0914570082545
7,ADD_07_D3,input2,Non-ROI,2,-32,75,0.736240395981,0.848906961305,0.112666565324
7,ADD_07_D3,baseline_output,ROI,2,-2,3,0.530926787825,0.435182331184,0.0957444566414
7,ADD_07_D3,baseline_output,Non-ROI,2,4,94,0.209118277187,0.259600641755,0.0504823645684
4,ADD_04_D0,input1,ROI,2,-343,-84,0.161495271868,0.06604071826,0.0954545536076
4,ADD_04_D0,input1,Non-ROI,2,-83,33,0.762817671395,0.877568601416,0.114750930021
4,ADD_04_D0,input2,ROI,2,82,345,0.167229979314,0.0693502623925,0.0978797169219
4,ADD_04_D0,input2,Non-ROI,2,-26,81,0.73866910461,0.854899705994,0.116230601384
4,ADD_04_D0,baseline_output,ROI,2,-11,7,0.512946956265,0.432358845473,0.0805881107918
4,ADD_04_D0,baseline_output,Non-ROI,2,-78,-12,0.200031397754,0.251238856222,0.0512074584674
5,ADD_05_D1,input1,ROI,2,-342,-80,0.174276004728,0.0784490389479,0.0958269657802
5,ADD_05_D1,input1,Non-ROI,2,-79,33,0.751274379433,0.867345567779,0.116071188347
5,ADD_05_D1,input2,ROI,2,81,346,0.169861849882,0.0727072268589,0.0971546230229
5,ADD_05_D1,input2,Non-ROI,2,-32,80,0.749621380024,0.868789912114,0.119168532091
5,ADD_05_D1,baseline_output,ROI,2,-7,9,0.521036495272,0.432935792868,0.0881007024039
5,ADD_05_D1,baseline_output,Non-ROI,2,-78,-8,0.239943484043,0.289360852934,0.0494173688912
11,ADD_11_X1_ACC1,input1,ROI,2,-5,3,0.512946956265,0.432358845473,0.0805881107918
11,ADD_11_X1_ACC1,input1,Non-ROI,2,-38,-6,0.200031397754,0.251238856222,0.0512074584674
11,ADD_11_X1_ACC1,input2,ROI,2,-3,3,0.520445478723,0.433868392767,0.0865770859566
11,ADD_11_X1_ACC1,input2,Non-ROI,2,-32,-4,0.228751108156,0.277134310192,0.0483832020362
11,ADD_11_X1_ACC1,baseline_output,ROI,2,-9,6,0.519937573877,0.436300660723,0.0836369131538
11,ADD_11_X1_ACC1,baseline_output,Non-ROI,2,-78,-10,0.207880836288,0.25814246649,0.0502616302012
23,ADD_23_X5_ACC1,input1,ROI,2,-3,2,0.545415927896,0.46840620258,0.0770097253163
23,ADD_23_X5_ACC1,input1,Non-ROI,2,-21,-4,0.185385268913,0.235562484193,0.0501772152807
23,ADD_23_X5_ACC1,input2,ROI,2,-4,3,0.521036495272,0.432935792868,0.0881007024039
23,ADD_23_X5_ACC1,input2,Non-ROI,2,4,38,0.239943484043,0.289360852934,0.0494173688912
23,ADD_23_X5_ACC1,baseline_output,ROI,2,-1,1,0.487219267139,0.390838391502,0.0963808756372
23,ADD_23_X5_ACC1,baseline_output,Non-ROI,2,-69,-2,0.251265144799,0.302602981158,0.0513378363593
17,ADD_17_X3_ACC1,input1,ROI,2,-4,3,0.511949615839,0.432414169196,0.0795354466435
17,ADD_17_X3_ACC1,input1,Non-ROI,2,-32,-5,0.212091829196,0.262315455867,0.0502236266713
17,ADD_17_X3_ACC1,input2,ROI,2,0,0,0.438598921395,0.358072916667,0.0805260047281
17,ADD_17_X3_ACC1,input2,Non-ROI,2,1,7,0.268903294917,0.313181667299,0.0442783723817
17,ADD_17_X3_ACC1,baseline_output,ROI,2,-3,2,0.497894503546,0.419361722307,0.0785327812396
17,ADD_17_X3_ACC1,baseline_output,Non-ROI,2,-26,-4,0.213273862293,0.264259689555,0.0509858272617
6,ADD_06_D2,input1,ROI,2,-341,-88,0.147366282506,0.0550589592817,0.0923073232242
6,ADD_06_D2,input1,Non-ROI,2,-87,32,0.774462544326,0.884482090921,0.110019546594
6,ADD_06_D2,input2,ROI,2,84,348,0.15976839539,0.0658253509105,0.0939430444796
6,ADD_06_D2,input2,Non-ROI,2,-34,83,0.763057771868,0.878971452959,0.115913681091
6,ADD_06_D2,baseline_output,ROI,2,-6,4,0.488355127069,0.391575382524,0.0967797445445
6,ADD_06_D2,baseline_output,Non-ROI,2,5,63,0.254561908983,0.306465762519,0.0519038535355
28,ADD_28_X6_ACC3,input1,ROI,2,-131,-29,0.186881279551,0.0956685476732,0.0912127318776
28,ADD_28_X6_ACC3,input1,Non-ROI,2,-28,12,0.735400044326,0.84750608561,0.112106041283
28,ADD_28_X6_ACC3,input2,ROI,2,30,131,0.176990986998,0.0860876643905,0.0909033226071
28,ADD_28_X6_ACC3,input2,Non-ROI,2,-12,29,0.745973699764,0.857541413758,0.111567713995
28,ADD_28_X6_ACC3,baseline_output,ROI,2,0,0,0.561068631797,0.543521987228,0.0175466445686
28,ADD_28_X6_ACC3,baseline_output,Non-ROI,2,1,4,0.21549017435,0.226513103819,0.011022929469
22,ADD_22_X4_ACC3,input1,ROI,2,59,242,0.165503102837,0.0738769284269,0.09162617441
22,ADD_22_X4_ACC3,input1,Non-ROI,2,-21,58,0.746767878251,0.856375663885,0.109607785634
22,ADD_22_X4_ACC3,input2,ROI,2,-242,-55,0.176990986998,0.0860876643905,0.0909033226071
22,ADD_22_X4_ACC3,input2,Non-ROI,2,-54,23,0.747192671395,0.858639984825,0.111447313431
22,ADD_22_X4_ACC3,baseline_output,ROI,2,-2,1,0.630125221631,0.551271260116,0.0788539615149
22,ADD_22_X4_ACC3,baseline_output,Non-ROI,2,-29,-3,0.167156102246,0.208876691325,0.0417205890794
12,ADD_12_X1_ACC2,input1,ROI,2,-9,6,0.519937573877,0.436300660723,0.0836369131538
12,ADD_12_X1_ACC2,input1,Non-ROI,2,-78,-10,0.207880836288,0.25814246649,0.0502616302012
12,ADD_12_X1_ACC2,input2,ROI,2,-1,1,0.487200797872,0.393719176783,0.0934816210893
12,ADD_12_X1_ACC2,input2,Non-ROI,2,2,17,0.237884160757,0.289422104198,0.0515379434418
12,ADD_12_X1_ACC2,baseline_output,ROI,2,-11,6,0.50600251182,0.420740863682,0.085261648138
12,ADD_12_X1_ACC2,baseline_output,Non-ROI,2,-92,-12,0.208388741135,0.259092849014,0.0507041078789
24,ADD_24_X5_ACC2,input1,ROI,2,-1,1,0.487219267139,0.390838391502,0.0963808756372
24,ADD_24_X5_ACC2,input1,Non-ROI,2,-69,-2,0.251265144799,0.302602981158,0.0513378363593
24,ADD_24_X5_ACC2,input2,ROI,2,0,0,0.487200797872,0.393719176783,0.0934816210893
24,ADD_24_X5_ACC2,input2,Non-ROI,2,1,5,0.233248374704,0.284565471674,0.0513170969698
24,ADD_24_X5_ACC2,baseline_output,ROI,2,-1,1,0.564365395981,0.46863540086,0.0957299951212
24,ADD_24_X5_ACC2,baseline_output,Non-ROI,2,-52,-2,0.214169621749,0.264384167931,0.0502145461818
31,ADD_31_X7_ACC3,input1,ROI,2,-1,1,0.542645537825,0.447201409965,0.0954441278605
31,ADD_31_X7_ACC3,input1,Non-ROI,2,2,47,0.22356124409,0.274040133409,0.0504788893194
31,ADD_31_X7_ACC3,input2,ROI,2,-1,0,0.485206117021,0.390304912747,0.0949012042747
31,ADD_31_X7_ACC3,input2,Non-ROI,2,-46,-2,0.209118277187,0.259600641755,0.0504823645684
31,ADD_31_X7_ACC3,baseline_output,ROI,2,0,0,0.575096040189,0.54564207132,0.0294539688689
31,ADD_31_X7_ACC3,baseline_output,Non-ROI,2,1,7,0.210429595154,0.227074244436,0.0166446492823
7,ADD_07_D3,input1,ROI,3,-111,41,0.892582742317,0.766897445625,0.125685296692
7,ADD_07_D3,input1,Non-ROI,3,42,312,0.0621213800236,0.176484651619,0.114363271595
7,ADD_07_D3,input2,ROI,3,-41,111,0.89181626773,0.766761112165,0.125055155566
7,ADD_07_D3,input2,Non-ROI,3,-312,-42,0.0626015809693,0.176539975341,0.113938394372
7,ADD_07_D3,baseline_output,ROI,3,1,178,0.355090130024,0.269418626707,0.0856715033165
7,ADD_07_D3,baseline_output,Non-ROI,3,0,0,0.288646941489,0.449400527946,0.160753586457
4,ADD_04_D0,input1,ROI,3,-110,34,0.877391770095,0.752965746712,0.124426023382
4,ADD_04_D0,input1,Non-ROI,3,35,324,0.0758994533097,0.188505706247,0.112606252937
4,ADD_04_D0,input2,ROI,3,-41,110,0.890347960993,0.764862322964,0.125485638029
4,ADD_04_D0,input2,Non-ROI,3,-308,-42,0.0627123965721,0.176911434623,0.114199038051
4,ADD_04_D0,baseline_output,ROI,3,-450,-3,0.291971409574,0.210939475847,0.0810319337272
4,ADD_04_D0,baseline_output,Non-ROI,3,-2,0,0.311474955674,0.47184615263,0.160371196956
5,ADD_05_D1,input1,ROI,3,-110,41,0.891511524823,0.765214023773,0.126297501049
5,ADD_05_D1,input1,Non-ROI,3,42,319,0.0625461731678,0.17612504742,0.113578874252
5,ADD_05_D1,input2,ROI,3,-41,111,0.890569592199,0.766695909206,0.123873682993
5,ADD_05_D1,input2,Non-ROI,3,-312,-42,0.0628970892435,0.176650622787,0.113753533544
5,ADD_05_D1,baseline_output,ROI,3,-412,-3,0.279246084515,0.199847069423,0.079399015092
5,ADD_05_D1,baseline_output,Non-ROI,3,-2,0,0.32344304078,0.480113097496,0.156670056716
11,ADD_11_X1_ACC1,input1,ROI,3,-221,-2,0.25962248818,0.186263119626,0.073359368554
11,ADD_11_X1_ACC1,input1,Non-ROI,3,-1,2,0.533466312057,0.669669954476,0.13620364242
11,ADD_11_X1_ACC1,input2,ROI,3,-171,-2,0.240783835697,0.171436361912,0.0693474737854
11,ADD_11_X1_ACC1,input2,Non-ROI,3,-1,0,0.442929964539,0.575501074861,0.132571110322
11,ADD_11_X1_ACC1,baseline_output,ROI,3,-392,-3,0.256076388889,0.185520201062,0.0705561878267
11,ADD_11_X1_ACC1,baseline_output,Non-ROI,3,-2,0,0.393543144208,0.529685128983,0.136141984775
23,ADD_23_X5_ACC1,input1,ROI,3,-125,-2,0.209413785461,0.142093054502,0.0673207309592
23,ADD_23_X5_ACC1,input1,Non-ROI,3,-1,1,0.583675014775,0.7138400196,0.130165004825
23,ADD_23_X5_ACC1,input2,ROI,3,2,202,0.240783835697,0.171436361912,0.0693474737854
23,ADD_23_X5_ACC1,input2,Non-ROI,3,0,1,0.442929964539,0.575501074861,0.132571110322
23,ADD_23_X5_ACC1,baseline_output,ROI,3,1,126,0.292405437352,0.224029463834,0.0683759735182
23,ADD_23_X5_ACC1,baseline_output,Non-ROI,3,0,0,0.409103501773,0.538368977618,0.129265475845
17,ADD_17_X3_ACC1,input1,ROI,3,-187,-2,0.25962248818,0.186263119626,0.073359368554
17,ADD_17_X3_ACC1,input1,Non-ROI,3,-1,1,0.487154624704,0.623117017577,0.135962392873
17,ADD_17_X3_ACC1,input2,ROI,3,-37,-1,0.18918070331,0.129003066515,0.0601776367948
17,ADD_17_X3_ACC1,input2,Non-ROI,3,0,0,0.62787197104,0.746050281361,0.11817831032
17,ADD_17_X3_ACC1,baseline_output,ROI,3,-147,-2,0.247377364066,0.174056335357,0.0733210287096
17,ADD_17_X3_ACC1,baseline_output,Non-ROI,3,-1,0,0.430047650709,0.564220962949,0.13417331224
6,ADD_06_D2,input1,ROI,3,-111,41,0.892287234043,0.767023899848,0.125263334194
6,ADD_06_D2,input1,Non-ROI,3,42,314,0.0628047429078,0.176196177921,0.113391435013
6,ADD_06_D2,input2,ROI,3,-34,111,0.878758495863,0.753337205994,0.125421289869
6,ADD_06_D2,input2,Non-ROI,3,-312,-35,0.0753269060284,0.189718876454,0.114391970426
6,ADD_06_D2,baseline_output,ROI,3,1,359,0.392084072104,0.317269695245,0.0748143768587
6,ADD_06_D2,baseline_output,Non-ROI,3,-2,0,0.347647015366,0.489445024026,0.14179800866
28,ADD_28_X6_ACC3,input1,ROI,3,-42,14,0.885869163712,0.75956112481,0.126308038901
28,ADD_28_X6_ACC3,input1,Non-ROI,3,15,119,0.0685117464539,0.183178822079,0.114667075625
28,ADD_28_X6_ACC3,input2,ROI,3,-15,42,0.891843971631,0.765158700051,0.126685271581
28,ADD_28_X6_ACC3,input2,Non-ROI,3,-119,-16,0.0628416814421,0.177800565883,0.114958884441
28,ADD_28_X6_ACC3,baseline_output,ROI,3,1,27,0.207049719267,0.165787414643,0.0412623046237
28,ADD_28_X6_ACC3,baseline_output,Non-ROI,3,0,0,0.593980865839,0.666411782372,0.072430916533
22,ADD_22_X4_ACC3,input1,ROI,3,-29,79,0.890855865839,0.767630484952,0.123225380887
22,ADD_22_X4_ACC3,input1,Non-ROI,3,-224,-30,0.0645223847518,0.176824497344,0.112302112593
22,ADD_22_X4_ACC3,input2,ROI,3,-79,29,0.895122266548,0.768282514542,0.126839752006
22,ADD_22_X4_ACC3,input2,Non-ROI,3,30,221,0.0612533244681,0.176259405033,0.115006080565
22,ADD_22_X4_ACC3,baseline_output,ROI,3,-100,-1,0.27095338357,0.218898188543,0.0520551950265
22,ADD_22_X4_ACC3,baseline_output,Non-ROI,3,0,0,0.472720892435,0.563183643146,0.0904627507112
12,ADD_12_X1_ACC2,input1,ROI,3,-392,-3,0.256076388889,0.185520201062,0.0705561878267
12,ADD_12_X1_ACC2,input1,Non-ROI,3,-2,0,0.393543144208,0.529685128983,0.136141984775
12,ADD_12_X1_ACC2,input2,ROI,3,1,100,0.304281176123,0.233960072079,0.070321104044
12,ADD_12_X1_ACC2,input2,Non-ROI,3,0,0,0.391964021868,0.513821051467,0.121857029599
12,ADD_12_X1_ACC2,baseline_output,ROI,3,-484,-4,0.248559397163,0.178166097623,0.0703932995405
12,ADD_12_X1_ACC2,baseline_output,Non-ROI,3,-3,0,0.397744902482,0.533781060319,0.136036157836
24,ADD_24_X5_ACC2,input1,ROI,3,1,126,0.292405437352,0.224029463834,0.0683759735182
24,ADD_24_X5_ACC2,input1,Non-ROI,3,0,0,0.409103501773,0.538368977618,0.129265475845
24,ADD_24_X5_ACC2,input2,ROI,3,1,35,0.167220744681,0.115428995953,0.0517917487274
24,ADD_24_X5_ACC2,input2,Non-ROI,3,0,0,0.676215277778,0.768284490389,0.0920692126117
24,ADD_24_X5_ACC2,baseline_output,ROI,3,1,101,0.276318705674,0.211854293121,0.0644644125529
24,ADD_24_X5_ACC2,baseline_output,Non-ROI,3,0,0,0.439790189125,0.56257903389,0.122788844764
31,ADD_31_X7_ACC3,input1,ROI,3,1,79,0.296440972222,0.233756559813,0.0626844124094
31,ADD_31_X7_ACC3,input1,Non-ROI,3,0,0,0.419917257683,0.542536039454,0.122618781771
31,ADD_31_X7_ACC3,input2,ROI,3,-87,-1,0.229674571513,0.162400812468,0.0672737590446
31,ADD_31_X7_ACC3,input2,Non-ROI,3,0,0,0.552498891844,0.670134278579,0.117635386735
31,ADD_31_X7_ACC3,baseline_output,ROI,3,-36,-1,0.19621749409,0.154764162873,0.0414533312168
31,ADD_31_X7_ACC3,baseline_output,Non-ROI,3,0,0,0.60521018026,0.677018130374,0.0718079501143
7,ADD_07_D3,input1,ROI,4,-65,37,0.649564125296,0.498885622155,0.150678503141
7,ADD_07_D3,input1,Non-ROI,4,38,333,0.0602282801418,0.196648172736,0.136419892595
7,ADD_07_D3,input2,ROI,4,-35,66,0.651549571513,0.499203733561,0.152345837952
7,ADD_07_D3,input2,Non-ROI,4,-338,-36,0.0628693853428,0.199513151239,0.136643765896
7,ADD_07_D3,baseline_output,ROI,4,-1,1,0.507867907801,0.417844271624,0.0900236361777
7,ADD_07_D3,baseline_output,Non-ROI,4,2,28,0.218214391253,0.277159996206,0.0589456049534
4,ADD_04_D0,input1,ROI,4,-63,38,0.646488992317,0.500302304628,0.146186687689
4,ADD_04_D0,input1,Non-ROI,4,39,333,0.0585475768322,0.193878034901,0.135330458069
4,ADD_04_D0,input2,ROI,4,-36,63,0.64504838948,0.497038204982,0.148010184498
4,ADD_04_D0,input2,Non-ROI,4,-328,-37,0.0604591459811,0.197942352681,0.1374832067
4,ADD_04_D0,baseline_output,ROI,4,-3,0,0.320506427305,0.271111927795,0.0493944995103
4,ADD_04_D0,baseline_output,Non-ROI,4,1,47,0.350029550827,0.401302478503,0.0512729276754
5,ADD_05_D1,input1,ROI,4,-62,34,0.639876994681,0.49412975784,0.145747236841
5,ADD_05_D1,input1,Non-ROI,4,35,320,0.0631094858156,0.198671440314,0.135561954498
5,ADD_05_D1,input2,ROI,4,-38,63,0.650229018913,0.49961273394,0.150616284972
5,ADD_05_D1,input2,Non-ROI,4,-321,-39,0.0582335992908,0.195051688164,0.136818088873
5,ADD_05_D1,baseline_output,ROI,4,-4,0,0.36886820331,0.321683737987,0.0471844653228
5,ADD_05_D1,baseline_output,Non-ROI,4,1,43,0.350038785461,0.401632444992,0.0515936595314
11,ADD_11_X1_ACC1,input1,ROI,4,-1,1,0.449855939716,0.401772730147,0.0480832095696
11,ADD_11_X1_ACC1,input1,Non-ROI,4,2,23,0.220680038416,0.270641676151,0.0499616377347
11,ADD_11_X1_ACC1,input2,ROI,4,-2,1,0.558556811466,0.515322695372,0.0432341160939
11,ADD_11_X1_ACC1,input2,Non-ROI,4,2,15,0.199588135343,0.248061693854,0.0484735585115
11,ADD_11_X1_ACC1,baseline_output,ROI,4,0,0,0.275099734043,0.226609920334,0.0484898137087
11,ADD_11_X1_ACC1,baseline_output,Non-ROI,4,1,42,0.311761229314,0.361864567527,0.0501033382121
23,ADD_23_X5_ACC1,input1,ROI,4,-1,0,0.431996158392,0.389913694992,0.0420824634
23,ADD_23_X5_ACC1,input1,Non-ROI,4,1,13,0.28660608747,0.332234762266,0.0456286747956
23,ADD_23_X5_ACC1,input2,ROI,4,-1,2,0.5377696513,0.494115926909,0.0436537243908
23,ADD_23_X5_ACC1,input2,Non-ROI,4,-21,-2,0.205646054965,0.254289564365,0.0486435094007
23,ADD_23_X5_ACC1,baseline_output,ROI,4,0,0,0.38736517435,0.305681351163,0.0816838231865
23,ADD_23_X5_ACC1,baseline_output,Non-ROI,4,-16,-1,0.275884677896,0.328458918184,0.0525742402881
17,ADD_17_X3_ACC1,input1,ROI,4,-1,1,0.449855939716,0.401772730147,0.0480832095696
17,ADD_17_X3_ACC1,input1,Non-ROI,4,2,21,0.22407838357,0.273850452074,0.0497720685041
17,ADD_17_X3_ACC1,input2,ROI,4,0,0,0.58503250591,0.549064238746,0.0359682671646
17,ADD_17_X3_ACC1,input2,Non-ROI,4,-4,-1,0.162150930851,0.201838723445,0.0396877925935
17,ADD_17_X3_ACC1,baseline_output,ROI,4,-2,0,0.466173537234,0.419525717628,0.0466478196063
17,ADD_17_X3_ACC1,baseline_output,Non-ROI,4,1,17,0.289810505319,0.336212142767,0.0464016374477
6,ADD_06_D2,input1,ROI,4,-62,30,0.631999852246,0.487895959788,0.144103892458
6,ADD_06_D2,input1,Non-ROI,4,31,318,0.0695367907801,0.203808643146,0.134271852366
6,ADD_06_D2,input2,ROI,4,-34,62,0.64230570331,0.492582669449,0.149723033861
6,ADD_06_D2,input2,Non-ROI,4,-325,-35,0.0638667257683,0.200137518968,0.1362707932
6,ADD_06_D2,baseline_output,ROI,4,-5,3,0.5833240987,0.51045025607,0.07287384263
6,ADD_06_D2,baseline_output,Non-ROI,4,4,42,0.194527556147,0.249112844588,0.0545852884412
28,ADD_28_X6_ACC3,input1,ROI,4,-26,13,0.657607491135,0.505384183738,0.152223307397
28,ADD_28_X6_ACC3,input1,Non-ROI,4,14,121,0.0614103132388,0.19854498609,0.137134672851
28,ADD_28_X6_ACC3,input2,ROI,4,-13,25,0.653137928487,0.499037762393,0.154100166094
28,ADD_28_X6_ACC3,input2,Non-ROI,4,-126,-14,0.0613733747045,0.199185160597,0.137811785892
28,ADD_28_X6_ACC3,baseline_output,ROI,4,0,0,0.588587839835,0.55682339087,0.0317644489645
28,ADD_28_X6_ACC3,baseline_output,Non-ROI,4,-22,-1,0.198276817376,0.223715304122,0.0254384867465
22,ADD_22_X4_ACC3,input1,ROI,4,-27,48,0.656674793144,0.514071984067,0.142602809077
22,ADD_22_X4_ACC3,input1,Non-ROI,4,-249,-28,0.0603021572104,0.193834566262,0.133532409052
22,ADD_22_X4_ACC3,input2,ROI,4,-48,25,0.659011155437,0.504925787178,0.15408536826
22,ADD_22_X4_ACC3,input2,Non-ROI,4,26,234,0.0601913416076,0.197746743804,0.137555402196
22,ADD_22_X4_ACC3,baseline_output,ROI,4,0,1,0.548334072104,0.441431936014,0.10690213609
22,ADD_22_X4_ACC3,baseline_output,Non-ROI,4,2,42,0.161356752364,0.218431888594,0.0570751362298
12,ADD_12_X1_ACC2,input1,ROI,4,0,0,0.275099734043,0.226609920334,0.0484898137087
12,ADD_12_X1_ACC2,input1,Non-ROI,4,1,42,0.311761229314,0.361864567527,0.0501033382121
12,ADD_12_X1_ACC2,input2,ROI,4,-1,0,0.506999852246,0.436207795903,0.070792056343
12,ADD_12_X1_ACC2,input2,Non-ROI,4,1,13,0.275265957447,0.327721927162,0.0524559697156
12,ADD_12_X1_ACC2,baseline_output,ROI,4,-6,0,0.442154255319,0.39509041477,0.0470638405493
12,ADD_12_X1_ACC2,baseline_output,Non-ROI,4,1,46,0.313303413121,0.363478834724,0.0501754216038
24,ADD_24_X5_ACC2,input1,ROI,4,0,0,0.38736517435,0.305681351163,0.0816838231865
24,ADD_24_X5_ACC2,input1,Non-ROI,4,-16,-1,0.275884677896,0.328458918184,0.0525742402881
24,ADD_24_X5_ACC2,input2,ROI,4,0,0,0.633191119976,0.565916239884,0.0672748800927
24,ADD_24_X5_ACC2,input2,Non-ROI,4,1,4,0.148040410757,0.196543452833,0.0485030420761
24,ADD_24_X5_ACC2,baseline_output,ROI,4,0,0,0.416952940307,0.335200508978,0.0817524313291
24,ADD_24_X5_ACC2,baseline_output,Non-ROI,4,-16,-1,0.270787160165,0.321393288442,0.0506061282766
31,ADD_31_X7_ACC3,input1,ROI,4,-1,1,0.656905658983,0.584915986975,0.0719896720082
31,ADD_31_X7_ACC3,input1,Non-ROI,4,2,13,0.146645981087,0.192795270612,0.0461492895246
31,ADD_31_X7_ACC3,input2,ROI,4,0,0,0.507867907801,0.417844271624,0.0900236361777
31,ADD_31_X7_ACC3,input2,Non-ROI,4,-13,-1,0.217309397163,0.276152314112,0.0588429169492
31,ADD_31_X7_ACC3,baseline_output,ROI,4,0,0,0.602116578014,0.569087474709,0.033029103305
31,ADD_31_X7_ACC3,baseline_output,Non-ROI,4,-31,-1,0.19650376773,0.215227064365,0.0187232966347
7,ADD_07_D3,input1,ROI,5,-61,-1,0.458167109929,0.249861690693,0.208305419236
7,ADD_07_D3,input1,Non-ROI,5,-101,-62,0.125360150709,0.338899295018,0.213539144308
7,ADD_07_D3,input2,ROI,5,1,61,0.457326758274,0.249345994562,0.207980763712
7,ADD_07_D3,input2,Non-ROI,5,62,103,0.130411495272,0.342434085736,0.212022590464
7,ADD_07_D3,baseline_output,ROI,5,-165,-3,0.219802748227,0.116223286545,0.103579461682
7,ADD_07_D3,baseline_output,Non-ROI,5,-2,2,0.568687204492,0.76312357739,0.194436372898
4,ADD_04_D0,input1,ROI,5,-60,-1,0.454140809693,0.247182441831,0.206958367862
4,ADD_04_D0,input1,Non-ROI,5,-102,-61,0.125858820922,0.349098618488,0.223239797566
4,ADD_04_D0,input2,ROI,5,2,61,0.404209145981,0.205245084092,0.198964061889
4,ADD_04_D0,input2,Non-ROI,5,62,100,0.122201906028,0.335481079287,0.213279173258
4,ADD_04_D0,baseline_output,ROI,5,-319,-9,0.209007461584,0.103247897699,0.105759563885
4,ADD_04_D0,baseline_output,Non-ROI,5,-8,8,0.584062869385,0.783053948533,0.198991079148
5,ADD_05_D1,input1,ROI,5,-60,-1,0.450733229905,0.240403309939,0.210329919966
5,ADD_05_D1,input1,Non-ROI,5,-100,-61,0.124473625887,0.346138799317,0.221665173431
5,ADD_05_D1,input2,ROI,5,1,59,0.438635859929,0.233223081057,0.205412778872
5,ADD_05_D1,input2,Non-ROI,5,60,101,0.139572251773,0.354368203085,0.214795951312
5,ADD_05_D1,baseline_output,ROI,5,-369,-8,0.206680333924,0.101548669069,0.105131664855
5,ADD_05_D1,baseline_output,Non-ROI,5,-7,9,0.622700576241,0.820737307157,0.198036730916
11,ADD_11_X1_ACC1,input1,ROI,5,-156,-5,0.194047355201,0.0918749209661,0.102172434235
11,ADD_11_X1_ACC1,input1,Non-ROI,5,-4,4,0.613706043144,0.80867278389,0.194966740746
11,ADD_11_X1_ACC1,input2,ROI,5,-153,-4,0.188912898936,0.0855284996206,0.103384399316
11,ADD_11_X1_ACC1,input2,Non-ROI,5,-3,3,0.627003915485,0.82259855526,0.195594639776
11,ADD_11_X1_ACC1,baseline_output,ROI,5,-286,-8,0.196577644799,0.0925822742792,0.10399537052
11,ADD_11_X1_ACC1,baseline_output,Non-ROI,5,-7,7,0.609467346336,0.806908352301,0.197441005966
23,ADD_23_X5_ACC1,input1,ROI,5,-89,-3,0.194047355201,0.0918749209661,0.102172434235
23,ADD_23_X5_ACC1,input1,Non-ROI,5,-2,2,0.613706043144,0.80867278389,0.194966740746
23,ADD_23_X5_ACC1,input2,ROI,5,4,181,0.206680333924,0.101548669069,0.105131664855
23,ADD_23_X5_ACC1,input2,Non-ROI,5,-4,3,0.622700576241,0.820737307157,0.198036730916
23,ADD_23_X5_ACC1,baseline_output,ROI,5,2,106,0.222924054374,0.11237828781,0.110545766564
23,ADD_23_X5_ACC1,baseline_output,Non-ROI,5,-1,1,0.561548832742,0.770815550708,0.209266717966
17,ADD_17_X3_ACC1,input1,ROI,5,-133,-4,0.209007461584,0.103247897699,0.105759563885
17,ADD_17_X3_ACC1,input1,Non-ROI,5,-3,3,0.584062869385,0.783053948533,0.198991079148
17,ADD_17_X3_ACC1,input2,ROI,5,1,36,0.248559397163,0.146378667172,0.102180729991
17,ADD_17_X3_ACC1,input2,Non-ROI,5,0,0,0.507221483452,0.692087917299,0.184866433847
17,ADD_17_X3_ACC1,baseline_output,ROI,5,-104,-3,0.224087618203,0.119384642135,0.104702976069
17,ADD_17_X3_ACC1,baseline_output,Non-ROI,5,-2,3,0.591598330378,0.789487307157,0.197888976779
6,ADD_06_D2,input1,ROI,5,-61,-1,0.466062721631,0.250922720663,0.215140000969
6,ADD_06_D2,input1,Non-ROI,5,-103,-62,0.122017213357,0.342586225974,0.220569012617
6,ADD_06_D2,input2,ROI,5,2,61,0.407090351655,0.202067921725,0.20502242993
6,ADD_06_D2,input2,Non-ROI,5,62,103,0.127622635934,0.341655601922,0.214032965988
6,ADD_06_D2,baseline_output,ROI,5,-378,-5,0.245521202719,0.140247613177,0.105273589542
6,ADD_06_D2,baseline_output,Non-ROI,5,-4,5,0.5442615987,0.741130421725,0.196868823025
28,ADD_28_X6_ACC3,input1,ROI,5,-23,-1,0.433972369976,0.231407277441,0.202565092536
28,ADD_28_X6_ACC3,input1,Non-ROI,5,-38,-24,0.126560653073,0.337093370637,0.210532717564
28,ADD_28_X6_ACC3,input2,ROI,5,1,23,0.403516548463,0.199860900354,0.203655648109
28,ADD_28_X6_ACC3,input2,Non-ROI,5,24,38,0.128795434397,0.339839798306,0.211044363908
28,ADD_28_X6_ACC3,baseline_output,ROI,5,1,26,0.221483451537,0.202548052605,0.0189353989317
28,ADD_28_X6_ACC3,baseline_output,Non-ROI,5,0,0,0.553025265957,0.589675802984,0.0366505370269
22,ADD_22_X4_ACC3,input1,ROI,5,2,43,0.398640661939,0.193364314618,0.20527634732
22,ADD_22_X4_ACC3,input1,Non-ROI,5,44,72,0.130633126478,0.340126296156,0.209493169678
22,ADD_22_X4_ACC3,input2,ROI,5,-43,-1,0.42277999409,0.218722338139,0.204057655951
22,ADD_22_X4_ACC3,input2,Non-ROI,5,-71,-44,0.125360150709,0.336465051214,0.211104900505
22,ADD_22_X4_ACC3,baseline_output,ROI,5,2,181,0.135841459811,0.0606387518968,0.0752027079141
22,ADD_22_X4_ACC3,baseline_output,Non-ROI,5,-1,1,0.723921394799,0.874083206879,0.15016181208
12,ADD_12_X1_ACC2,input1,ROI,5,-286,-8,0.196577644799,0.0925822742792,0.10399537052
12,ADD_12_X1_ACC2,input1,Non-ROI,5,-7,7,0.609467346336,0.806908352301,0.197441005966
12,ADD_12_X1_ACC2,input2,ROI,5,-105,-2,0.216238179669,0.111248103187,0.104990076482
12,ADD_12_X1_ACC2,input2,Non-ROI,5,-1,1,0.573544621749,0.770129931715,0.196585309965
12,ADD_12_X1_ACC2,baseline_output,ROI,5,-391,-9,0.201213430851,0.0950046629995,0.106208767852
12,ADD_12_X1_ACC2,baseline_output,Non-ROI,5,-8,8,0.60169178487,0.801364124937,0.199672340067
24,ADD_24_X5_ACC2,input1,ROI,5,2,106,0.222924054374,0.11237828781,0.110545766564
24,ADD_24_X5_ACC2,input1,Non-ROI,5,-1,1,0.561548832742,0.770815550708,0.209266717966
24,ADD_24_X5_ACC2,input2,ROI,5,-37,-1,0.216238179669,0.111248103187,0.104990076482
24,ADD_24_X5_ACC2,input2,Non-ROI,5,0,0,0.573544621749,0.770129931715,0.196585309965
24,ADD_24_X5_ACC2,baseline_output,ROI,5,2,69,0.180223108747,0.0791208270106,0.101102281736
24,ADD_24_X5_ACC2,baseline_output,Non-ROI,5,-1,1,0.650709219858,0.839640237734,0.188931017876
31,ADD_31_X7_ACC3,input1,ROI,5,-81,-2,0.191941858747,0.0953761222812,0.0965657364658
31,ADD_31_X7_ACC3,input1,Non-ROI,5,-1,1,0.627493351064,0.807967406424,0.18047405536
31,ADD_31_X7_ACC3,input2,ROI,5,1,81,0.280151078605,0.178251059054,0.101900019551
31,ADD_31_X7_ACC3,input2,Non-ROI,5,-1,0,0.554890661939,0.745668942843,0.190778280904
31,ADD_31_X7_ACC3,baseline_output,ROI,5,-36,-1,0.213606309102,0.185976621775,0.0276296873262
31,ADD_31_X7_ACC3,baseline_output,Non-ROI,5,0,0,0.575114509456,0.629935666414,0.0548211569575
7,ADD_07_D3,input1,ROI,6,-334,-73,0.174894725177,0.10397105779,0.0709236673877
7,ADD_07_D3,input1,Non-ROI,6,-72,346,0.825105274823,0.895886681209,0.0707814063862
7,ADD_07_D3,input2,ROI,6,74,332,0.171690307329,0.101811456753,0.0698788505759
7,ADD_07_D3,input2,Non-ROI,6,-348,73,0.828309692671,0.898046282246,0.0697365895744
7,ADD_07_D3,baseline_output,ROI,6,-95,-1,0.425337987589,0.376685397699,0.0486525898901
7,ADD_07_D3,baseline_output,Non-ROI,6,0,2,0.305712544326,0.386758266945,0.0810457226186
4,ADD_04_D0,input1,ROI,6,-330,-74,0.179022606383,0.101064586495,0.0779580198883
4,ADD_04_D0,input1,Non-ROI,6,-73,-28,0.169630984043,0.247990563354,0.078359579311
4,ADD_04_D0,input2,ROI,6,74,333,0.178847148345,0.100959866591,0.0778872817544
4,ADD_04_D0,input2,Non-ROI,6,26,73,0.185422207447,0.263753872661,0.0783316652138
4,ADD_04_D0,baseline_output,ROI,6,9,216,0.260509013002,0.215600499494,0.0449085135082
4,ADD_04_D0,baseline_output,Non-ROI,6,0,8,0.296043882979,0.377825461558,0.0817815785792
5,ADD_05_D1,input1,ROI,6,-330,-73,0.178154550827,0.10291002782,0.0752445230075
5,ADD_05_D1,input1,Non-ROI,6,-72,350,0.821771572104,0.896900290845,0.0751287187407
5,ADD_05_D1,input2,ROI,6,71,335,0.186881279551,0.11131725784,0.0755640217107
5,ADD_05_D1,input2,Non-ROI,6,27,70,0.168412012411,0.244773884041,0.0763618716301
5,ADD_05_D1,baseline_output,ROI,6,8,182,0.258421985816,0.216299949418,0.0421220363973
5,ADD_05_D1,baseline_output,Non-ROI,6,0,7,0.301889406028,0.379625458397,0.0777360523682
11,ADD_11_X1_ACC1,input1,ROI,6,5,106,0.248088430851,0.203209961431,0.0448784694196
11,ADD_11_X1_ACC1,input1,Non-ROI,6,-5,4,0.540244533097,0.620925802984,0.0806812698874
11,ADD_11_X1_ACC1,input2,ROI,6,4,83,0.242279846336,0.200327200303,0.0419526460322
11,ADD_11_X1_ACC1,input2,Non-ROI,6,-1,3,0.436788933215,0.513508867602,0.0767199343873
11,ADD_11_X1_ACC1,baseline_output,ROI,6,6,192,0.282062647754,0.238176530096,0.043886117658
11,ADD_11_X1_ACC1,baseline_output,Non-ROI,6,-2,5,0.385970744681,0.465217185129,0.0792464404481
23,ADD_23_X5_ACC1,input1,ROI,6,3,60,0.248088430851,0.203209961431,0.0448784694196
23,ADD_23_X5_ACC1,input1,Non-ROI,6,-3,2,0.554105718085,0.635711067906,0.0816053498208
23,ADD_23_X5_ACC1,input2,ROI,6,-89,-4,0.258421985816,0.216299949418,0.0421220363973
23,ADD_23_X5_ACC1,input2,Non-ROI,6,-3,1,0.420535978132,0.497417567653,0.0768815895206
23,ADD_23_X5_ACC1,baseline_output,ROI,6,-47,-1,0.379534205083,0.338022018842,0.0415121862411
23,ADD_23_X5_ACC1,baseline_output,Non-ROI,6,0,0,0.252936613475,0.326982960293,0.0740463468182
17,ADD_17_X3_ACC1,input1,ROI,6,4,90,0.260509013002,0.215600499494,0.0449085135082
17,ADD_17_X3_ACC1,input1,Non-ROI,6,-4,3,0.515837396572,0.596589292489,0.0807518959165
17,ADD_17_X3_ACC1,input2,ROI,6,-20,-1,0.29322731974,0.252321620511,0.0409056992291
17,ADD_17_X3_ACC1,input2,Non-ROI,6,0,0,0.427775930851,0.503250268715,0.0754743378642
17,ADD_17_X3_ACC1,baseline_output,ROI,6,2,74,0.327847960993,0.284130785281,0.0437171757122
17,ADD_17_X3_ACC1,baseline_output,Non-ROI,6,-3,1,0.442883791371,0.522052431082,0.0791686397113
6,ADD_06_D2,input1,ROI,6,-338,-71,0.181949985225,0.110333285913,0.0716166993116
6,ADD_06_D2,input1,Non-ROI,6,-70,347,0.818050014775,0.889556066641,0.071506051866
6,ADD_06_D2,input2,ROI,6,72,334,0.181054225768,0.108881038189,0.0721731875791
6,ADD_06_D2,input2,Non-ROI,6,33,71,0.132544695626,0.204822252782,0.0722775571555
6,ADD_06_D2,baseline_output,ROI,6,-228,-1,0.439448507683,0.400427178174,0.0390213295092
6,ADD_06_D2,baseline_output,Non-ROI,6,0,2,0.214363549054,0.291293231538,0.0769296824833
28,ADD_28_X6_ACC3,input1,ROI,6,-127,-28,0.175310283688,0.106822205362,0.0684880783263
28,ADD_28_X6_ACC3,input1,Non-ROI,6,-27,133,0.824689716312,0.893019726859,0.0683300105468
28,ADD_28_X6_ACC3,input2,ROI,6,29,127,0.166962174941,0.097891375822,0.0690707991189
28,ADD_28_X6_ACC3,input2,Non-ROI,6,-133,28,0.833037825059,0.901966363177,0.0689285381174
28,ADD_28_X6_ACC3,baseline_output,ROI,6,1,25,0.227328974586,0.205486137456,0.0218428371305
28,ADD_28_X6_ACC3,baseline_output,Non-ROI,6,0,0,0.546939642435,0.58688393083,0.0399442883946
22,ADD_22_X4_ACC3,input1,ROI,6,53,237,0.165318410165,0.0987172799697,0.0666011301958
22,ADD_22_X4_ACC3,input1,Non-ROI,6,-278,52,0.834607712766,0.901140459029,0.0665327462629
22,ADD_22_X4_ACC3,input2,ROI,6,-234,-52,0.172983156028,0.103637139605,0.0693460164229
22,ADD_22_X4_ACC3,input2,Non-ROI,6,-51,245,0.827016843972,0.896204792615,0.0691879486434
22,ADD_22_X4_ACC3,baseline_output,ROI,6,-41,-1,0.360353871158,0.317483086748,0.0428707844108
22,ADD_22_X4_ACC3,baseline_output,Non-ROI,6,0,0,0.303080673759,0.380556082448,0.0774754086893
12,ADD_12_X1_ACC2,input1,ROI,6,6,192,0.282062647754,0.238176530096,0.043886117658
12,ADD_12_X1_ACC2,input1,Non-ROI,6,-2,5,0.385970744681,0.465217185129,0.0792464404481
12,ADD_12_X1_ACC2,input2,ROI,6,-63,-1,0.371158392435,0.332922357107,0.0382360353283
12,ADD_12_X1_ACC2,input2,Non-ROI,6,0,0,0.256187204492,0.327204255185,0.0710170506929
12,ADD_12_X1_ACC2,baseline_output,ROI,6,13,222,0.202940307329,0.162414643399,0.0405256639295
12,ADD_12_X1_ACC2,baseline_output,Non-ROI,6,0,12,0.386164671986,0.464337933106,0.0781732611199
24,ADD_24_X5_ACC2,input1,ROI,6,-47,-1,0.379534205083,0.338022018842,0.0415121862411
24,ADD_24_X5_ACC2,input1,Non-ROI,6,0,0,0.252936613475,0.326982960293,0.0740463468182
24,ADD_24_X5_ACC2,input2,ROI,6,1,16,0.265809692671,0.233308042489,0.0325016501828
24,ADD_24_X5_ACC2,input2,Non-ROI,6,0,0,0.478594119385,0.542105304755,0.0635111853693
24,ADD_24_X5_ACC2,baseline_output,ROI,6,-31,-1,0.361305038416,0.319508330172,0.0417967082441
24,ADD_24_X5_ACC2,baseline_output,Non-ROI,6,0,0,0.291869828605,0.362895959788,0.0710261311824
31,ADD_31_X7_ACC3,input1,ROI,6,-46,-1,0.365645316194,0.324649484699,0.0409958314948
31,ADD_31_X7_ACC3,input1,Non-ROI,6,0,0,0.275136672577,0.346607075114,0.071470402537
31,ADD_31_X7_ACC3,input2,ROI,6,1,47,0.320672650709,0.279975578528,0.0406970721811
31,ADD_31_X7_ACC3,input2,Non-ROI,6,0,0,0.362911864657,0.433052367855,0.0701405031981
31,ADD_31_X7_ACC3,baseline_output,ROI,6,1,12,0.225084958629,0.203737512645,0.0213474459834
31,ADD_31_X7_ACC3,baseline_output,Non-ROI,6,0,0,0.549303708629,0.589713344082,0.0404096354531
7,ADD_07_D3,input1,ROI,7,40,274,0.223247266548,0.0526227396308,0.170624526918
7,ADD_07_D3,input1,Non-ROI,7,-323,39,0.775256722813,0.94679636128,0.171539638466
7,ADD_07_D3,input2,ROI,7,-277,-40,0.224161495272,0.0532332764289,0.170928218843
7,ADD_07_D3,input2,Non-ROI,7,-39,325,0.774619533097,0.946300423622,0.171680890525
7,ADD_07_D3,baseline_output,ROI,7,-6,6,0.876228206265,0.823539058548,0.0526891477165
7,ADD_07_D3,baseline_output,Non-ROI,7,7,59,0.0580212027187,0.0895236627466,0.0315024600279
4,ADD_04_D0,input1,ROI,7,44,272,0.212562795508,0.0444763214466,0.168086474062
4,ADD_04_D0,input1,Non-ROI,7,-324,43,0.786107417258,0.954954634547,0.16884721729
4,ADD_04_D0,input2,ROI,7,-274,-44,0.213947990544,0.0443222053617,0.169625785182
4,ADD_04_D0,input2,Non-ROI,7,-43,323,0.784629875887,0.954938827769,0.170308951883
4,ADD_04_D0,baseline_output,ROI,7,6,107,0.266760859929,0.249575192843,0.0171856670864
4,ADD_04_D0,baseline_output,Non-ROI,7,-55,5,0.697307180851,0.729787082701,0.03247990185
5,ADD_05_D1,input1,ROI,7,43,270,0.215056146572,0.0449544764795,0.170101670093
5,ADD_05_D1,input1,Non-ROI,7,-324,42,0.783632535461,0.95455156171,0.170919026249
5,ADD_05_D1,input2,ROI,7,-275,-43,0.217244754728,0.0463355937026,0.170909161026
5,ADD_05_D1,input2,Non-ROI,7,-42,322,0.781351580969,0.953000521624,0.171648940654
5,ADD_05_D1,baseline_output,ROI,7,0,30,0.566313903664,0.544011997344,0.0223019063198
5,ADD_05_D1,baseline_output,Non-ROI,7,-97,-1,0.383902186761,0.409687974203,0.0257857874421
11,ADD_11_X1_ACC1,input1,ROI,7,3,52,0.266760859929,0.249575192843,0.0171856670864
11,ADD_11_X1_ACC1,input1,Non-ROI,7,-25,2,0.69440750591,0.726882587253,0.0324750813432
11,ADD_11_X1_ACC1,input2,ROI,7,0,12,0.63620161052,0.615980257334,0.0202213531857
11,ADD_11_X1_ACC1,input2,Non-ROI,7,-40,-1,0.314014479905,0.337719714213,0.023705234308
11,ADD_11_X1_ACC1,baseline_output,ROI,7,5,73,0.259890292553,0.242920539327,0.0169697532259
11,ADD_11_X1_ACC1,baseline_output,Non-ROI,7,-40,4,0.7005393026,0.728700366717,0.0281610641168
23,ADD_23_X5_ACC1,input1,ROI,7,2,29,0.266613105792,0.249432931841,0.0171801739508
23,ADD_23_X5_ACC1,input1,Non-ROI,7,-15,1,0.697307180851,0.729787082701,0.03247990185
23,ADD_23_X5_ACC1,input2,ROI,7,-14,0,0.633440455083,0.61364678174,0.0197936733427
23,ADD_23_X5_ACC1,input2,Non-ROI,7,1,48,0.314217641844,0.337850120132,0.0236324782875
23,ADD_23_X5_ACC1,baseline_output,ROI,7,-5,3,0.870271867612,0.824860900354,0.0454109672582
23,ADD_23_X5_ACC1,baseline_output,Non-ROI,7,4,28,0.0735815602837,0.105020232676,0.0314386723921
17,ADD_17_X3_ACC1,input1,ROI,7,-116,-22,0.0369292996454,0.0199817431715,0.0169475564739
17,ADD_17_X3_ACC1,input1,Non-ROI,7,-21,1,0.651318705674,0.682880469145,0.0315617634714
17,ADD_17_X3_ACC1,input2,ROI,7,-2,-1,0.191138445626,0.17745874431,0.0136797013169
17,ADD_17_X3_ACC1,input2,Non-ROI,7,0,9,0.743665041371,0.762040813101,0.0183757717295
17,ADD_17_X3_ACC1,baseline_output,ROI,7,-90,-21,0.0324227984634,0.0148761538948,0.0175466445686
17,ADD_17_X3_ACC1,baseline_output,Non-ROI,7,-20,1,0.669723330378,0.701309196383,0.0315858660052
6,ADD_06_D2,input1,ROI,7,39,270,0.223533540189,0.0546005627213,0.168932977468
6,ADD_06_D2,input1,Non-ROI,7,-323,38,0.77485963357,0.9448106348,0.16995100123
6,ADD_06_D2,input2,ROI,7,-277,-40,0.224660165485,0.0543437025797,0.170316462905
6,ADD_06_D2,input2,Non-ROI,7,-39,325,0.774065455083,0.945249272888,0.171183817805
6,ADD_06_D2,baseline_output,ROI,7,-14,18,0.880633126478,0.842607960293,0.0380251661842
6,ADD_06_D2,baseline_output,Non-ROI,7,-70,-15,0.0604683806147,0.0849693348508,0.0245009542361
28,ADD_28_X6_ACC3,input1,ROI,7,15,107,0.225574394208,0.0565507239504,0.169023670258
28,ADD_28_X6_ACC3,input1,Non-ROI,7,-125,14,0.773354388298,0.943077816768,0.16972342847
28,ADD_28_X6_ACC3,input2,ROI,7,-105,-16,0.220089021868,0.0494258187911,0.170663203077
28,ADD_28_X6_ACC3,input2,Non-ROI,7,-15,124,0.778728945035,0.950147398204,0.171418453169
28,ADD_28_X6_ACC3,baseline_output,ROI,7,8,14,0.00783096926714,0.000995827010622,0.00683514225652
28,ADD_28_X6_ACC3,baseline_output,Non-ROI,7,-1,7,0.950631648936,0.962984477744,0.0123528288079
22,ADD_22_X4_ACC3,input1,ROI,7,-238,-28,0.222111406619,0.0566752023268,0.165436204293
22,ADD_22_X4_ACC3,input1,Non-ROI,7,-27,231,0.776577275414,0.942862449418,0.166285174005
22,ADD_22_X4_ACC3,input2,ROI,7,29,195,0.221529624704,0.0505560034143,0.17097362129
22,ADD_22_X4_ACC3,input2,Non-ROI,7,-230,28,0.777288342199,0.949017213581,0.171728871383
22,ADD_22_X4_ACC3,baseline_output,ROI,7,-2,1,0.796505614657,0.742752592312,0.0537530223456
22,ADD_22_X4_ACC3,baseline_output,Non-ROI,7,-29,-3,0.0761487884161,0.110825271877,0.0346764834605
12,ADD_12_X1_ACC2,input1,ROI,7,5,73,0.259890292553,0.242920539327,0.0169697532259
12,ADD_12_X1_ACC2,input1,Non-ROI,7,-40,4,0.7005393026,0.728700366717,0.0281610641168
12,ADD_12_X1_ACC2,input2,ROI,7,-4,5,0.896766031324,0.859910454603,0.0368555767209
12,ADD_12_X1_ACC2,input2,Non-ROI,7,-19,-5,0.0482417257683,0.0720156803237,0.0237739545554
12,ADD_12_X1_ACC2,baseline_output,ROI,7,4,83,0.301843232861,0.286075018968,0.0157682138924
12,ADD_12_X1_ACC2,baseline_output,Non-ROI,7,-51,3,0.663129802009,0.6877509326,0.0246211305904
24,ADD_24_X5_ACC2,input1,ROI,7,-5,3,0.870271867612,0.824860900354,0.0454109672582
24,ADD_24_X5_ACC2,input1,Non-ROI,7,4,28,0.0735815602837,0.105020232676,0.0314386723921
24,ADD_24_X5_ACC2,input2,ROI,7,-1,1,0.868369533097,0.832523235964,0.0358462971333
24,ADD_24_X5_ACC2,input2,Non-ROI,7,-8,-2,0.0567560579196,0.080642229388,0.0238861714683
24,ADD_24_X5_ACC2,baseline_output,ROI,7,-3,2,0.865525265957,0.817988903642,0.0475363623156
24,ADD_24_X5_ACC2,baseline_output,Non-ROI,7,3,18,0.07005393026,0.102913979514,0.0328600492544
31,ADD_31_X7_ACC3,input1,ROI,7,-3,3,0.887411347518,0.839371522509,0.0480398250089
31,ADD_31_X7_ACC3,input1,Non-ROI,7,4,32,0.0515292553191,0.0816182979262,0.030089042607
31,ADD_31_X7_ACC3,input2,ROI,7,-3,2,0.872174202128,0.820739283005,0.0514349191231
31,ADD_31_X7_ACC3,input2,Non-ROI,7,-28,-4,0.0456560283688,0.0763941578149,0.0307381294461
31,ADD_31_X7_ACC3,baseline_output,ROI,7,0,0,0.605847369976,0.600139889985,0.00570747999153
31,ADD_31_X7_ACC3,baseline_output,Non-ROI,7,1,6,0.19231124409,0.198863097496,0.00655185340637
7,ADD_07_D3,input1,ROI,8,-279,-1,0.651355644208,0.406491053364,0.244864590844
7,ADD_07_D3,input1,Non-ROI,8,0,233,0.348127216312,0.593224424633,0.245097208321
7,ADD_07_D3,input2,ROI,8,1,282,0.651143247636,0.408622992539,0.242520255097
7,ADD_07_D3,input2,Non-ROI,8,-228,0,0.348413489953,0.591045065124,0.242631575171
7,ADD_07_D3,baseline_output,ROI,8,1,72,0.363004210993,0.201984936141,0.161019274852
7,ADD_07_D3,baseline_output,Non-ROI,8,0,0,0.312269134161,0.613289153389,0.301020019228
4,ADD_04_D0,input1,ROI,8,-271,-1,0.653876699173,0.405319375948,0.248557323224
4,ADD_04_D0,input1,Non-ROI,8,0,236,0.34597554669,0.594348681715,0.248373135024
4,ADD_04_D0,input2,ROI,8,1,289,0.649896572104,0.409759104704,0.2401374674
4,ADD_04_D0,input2,Non-ROI,8,-238,0,0.349955673759,0.589972180071,0.240016506312
4,ADD_04_D0,baseline_output,ROI,8,1,166,0.424165189125,0.274871965099,0.149293224027
4,ADD_04_D0,baseline_output,Non-ROI,8,-3,0,0.341598330378,0.601686978376,0.260088647998
5,ADD_05_D1,input1,ROI,8,-272,-1,0.653276447991,0.40698106348,0.246295384511
5,ADD_05_D1,input1,Non-ROI,8,0,236,0.346428043735,0.592718607739,0.246290564004
5,ADD_05_D1,input2,ROI,8,1,287,0.650866208629,0.409045823849,0.24182038478
5,ADD_05_D1,input2,Non-ROI,8,-230,0,0.348838283097,0.590559006702,0.241720723605
5,ADD_05_D1,baseline_output,ROI,8,3,172,0.295822251773,0.144580646181,0.151241605592
5,ADD_05_D1,baseline_output,Non-ROI,8,-2,2,0.457585328014,0.718088091173,0.260502763159
11,ADD_11_X1_ACC1,input1,ROI,8,2,81,0.27669732565,0.128882539833,0.147814785817
11,ADD_11_X1_ACC1,input1,Non-ROI,8,-1,1,0.489066193853,0.747676403642,0.258610209788
11,ADD_11_X1_ACC1,input2,ROI,8,2,67,0.264119754728,0.118770153642,0.145349601086
11,ADD_11_X1_ACC1,input2,Non-ROI,8,-1,1,0.514886229314,0.767442779464,0.252556550149
11,ADD_11_X1_ACC1,baseline_output,ROI,8,1,143,0.386700280733,0.237996727997,0.148703552736
11,ADD_11_X1_ACC1,baseline_output,Non-ROI,8,-2,0,0.378703088061,0.639382192084,0.260679104022
23,ADD_23_X5_ACC1,input1,ROI,8,1,46,0.360076832151,0.220488745574,0.139588086577
23,ADD_23_X5_ACC1,input1,Non-ROI,8,-1,0,0.449449615839,0.69400053743,0.244550921591
23,ADD_23_X5_ACC1,input2,ROI,8,-84,-2,0.264193631797,0.118833380754,0.145360251043
23,ADD_23_X5_ACC1,input2,Non-ROI,8,-1,1,0.514886229314,0.767442779464,0.252556550149
23,ADD_23_X5_ACC1,baseline_output,ROI,8,-36,-1,0.300079417849,0.152758677921,0.147320739928
23,ADD_23_X5_ACC1,baseline_output,Non-ROI,8,0,0,0.428884086879,0.698116227238,0.269232140359
17,ADD_17_X3_ACC1,input1,ROI,8,2,69,0.27669732565,0.128882539833,0.147814785817
17,ADD_17_X3_ACC1,input1,Non-ROI,8,-1,1,0.489066193853,0.747676403642,0.258610209788
17,ADD_17_X3_ACC1,input2,ROI,8,-17,-1,0.205646054965,0.0803517798432,0.125294275121
17,ADD_17_X3_ACC1,input2,Non-ROI,8,0,0,0.622294252364,0.844897967248,0.222603714884
17,ADD_17_X3_ACC1,baseline_output,ROI,8,1,55,0.361554373522,0.220947142135,0.140607231388
17,ADD_17_X3_ACC1,baseline_output,Non-ROI,8,-1,0,0.418735224586,0.662809812848,0.244074588261
6,ADD_06_D2,input1,ROI,8,-281,-1,0.648917700946,0.405321351796,0.24359634915
6,ADD_06_D2,input1,Non-ROI,8,0,236,0.350712913712,0.594378319423,0.243665405712
6,ADD_06_D2,input2,ROI,8,1,292,0.646802969858,0.405299617476,0.241503352382
6,ADD_06_D2,input2,Non-ROI,8,-230,0,0.35275376773,0.594289406297,0.241535638567
6,ADD_06_D2,baseline_output,ROI,8,2,146,0.323322990544,0.175147003035,0.148175987509
6,ADD_06_D2,baseline_output,Non-ROI,8,-2,1,0.438737440898,0.706076915781,0.267339474883
28,ADD_28_X6_ACC3,input1,ROI,8,-107,-1,0.622608229905,0.390322695372,0.232285534534
28,ADD_28_X6_ACC3,input1,Non-ROI,8,0,91,0.37709626182,0.609440202959,0.232343941139
28,ADD_28_X6_ACC3,input2,ROI,8,1,107,0.604905437352,0.375679691452,0.229225745901
28,ADD_28_X6_ACC3,input2,Non-ROI,8,-90,0,0.394725177305,0.624083206879,0.229358029574
28,ADD_28_X6_ACC3,baseline_output,ROI,8,1,31,0.19857232565,0.134849598508,0.0637227271423
28,ADD_28_X6_ACC3,baseline_output,Non-ROI,8,0,0,0.607758939125,0.72823999431,0.120481055184
22,ADD_22_X4_ACC3,input1,ROI,8,1,213,0.634862588652,0.397485141629,0.237377447024
22,ADD_22_X4_ACC3,input1,Non-ROI,8,-197,0,0.364694148936,0.602325177036,0.2376310281
22,ADD_22_X4_ACC3,input2,ROI,8,-197,-1,0.621703235816,0.387291745701,0.234411490115
22,ADD_22_X4_ACC3,input2,Non-ROI,8,0,166,0.377927378842,0.61247115263,0.234543773789
22,ADD_22_X4_ACC3,baseline_output,ROI,8,-74,-1,0.257378472222,0.154955820056,0.102422652167
22,ADD_22_X4_ACC3,baseline_output,Non-ROI,8,0,0,0.489352467494,0.687517782625,0.198165315131
12,ADD_12_X1_ACC2,input1,ROI,8,1,143,0.386700280733,0.237996727997,0.148703552736
12,ADD_12_X1_ACC2,input1,Non-ROI,8,-2,0,0.378703088061,0.639382192084,0.260679104022
12,ADD_12_X1_ACC2,input2,ROI,8,1,38,0.323249113475,0.175115389479,0.148133723996
12,ADD_12_X1_ACC2,input2,Non-ROI,8,0,0,0.403027112884,0.657650875695,0.254623762811
12,ADD_12_X1_ACC2,baseline_output,ROI,8,1,185,0.393026004728,0.244246332828,0.148779671901
12,ADD_12_X1_ACC2,baseline_output,Non-ROI,8,-3,0,0.379414154846,0.636748387709,0.257334232862
24,ADD_24_X5_ACC2,input1,ROI,8,-36,-1,0.300079417849,0.152758677921,0.147320739928
24,ADD_24_X5_ACC2,input1,Non-ROI,8,0,0,0.428884086879,0.698116227238,0.269232140359
24,ADD_24_X5_ACC2,input2,ROI,8,1,14,0.171847296099,0.0696268810066,0.102220415093
24,ADD_24_X5_ACC2,input2,Non-ROI,8,0,0,0.671514849291,0.867576741907,0.196061892616
24,ADD_24_X5_ACC2,baseline_output,ROI,8,-25,-1,0.28269983747,0.145301830425,0.137398007046
24,ADD_24_X5_ACC2,baseline_output,Non-ROI,8,0,0,0.463107638889,0.712369989251,0.249262350363
31,ADD_31_X7_ACC3,input1,ROI,8,1,37,0.288120567376,0.160170080931,0.127950486445
31,ADD_31_X7_ACC3,input1,Non-ROI,8,0,0,0.435292922577,0.678851716616,0.243558794039
31,ADD_31_X7_ACC3,input2,ROI,8,-35,-1,0.228778812057,0.0982904969651,0.130488315092
31,ADD_31_X7_ACC3,input2,Non-ROI,8,0,0,0.562139849291,0.813620305387,0.251480456096
31,ADD_31_X7_ACC3,baseline_output,ROI,8,1,14,0.192763741135,0.120823058928,0.0719406822071
31,ADD_31_X7_ACC3,baseline_output,Non-ROI,8,0,0,0.614352467494,0.747393857486,0.133041389992
7,ADD_07_D3,input1,ROI,9,-348,-3,0.230912012411,0.132877702959,0.0980343094523
7,ADD_07_D3,input1,Non-ROI,9,-2,315,0.767490395981,0.866009895043,0.0985194990619
7,ADD_07_D3,input2,ROI,9,1,353,0.292922576832,0.19211557916,0.100806997672
7,ADD_07_D3,input2,Non-ROI,9,-313,0,0.705359781324,0.806592216743,0.101232435419
7,ADD_07_D3,baseline_output,ROI,9,-142,-9,0.151078605201,0.128145548811,0.0229330563896
7,ADD_07_D3,baseline_output,Non-ROI,9,-8,9,0.721834367612,0.758207669449,0.0363733018364
4,ADD_04_D0,input1,ROI,9,-348,-5,0.212932180851,0.116333933991,0.0965982468602
4,ADD_04_D0,input1,Non-ROI,9,-4,313,0.785276300236,0.88238966869,0.0971133684535
4,ADD_04_D0,input2,ROI,9,4,355,0.222545434397,0.127238634927,0.0953067994705
4,ADD_04_D0,input2,Non-ROI,9,-325,3,0.776623448582,0.87205401176,0.0954305631787
4,ADD_04_D0,baseline_output,ROI,9,-312,-24,0.160682624113,0.13808801214,0.0225946119739
4,ADD_04_D0,baseline_output,Non-ROI,9,-23,41,0.76355644208,0.805410660091,0.0418542180107
5,ADD_05_D1,input1,ROI,9,-349,-5,0.209302969858,0.111767751012,0.0975352188465
5,ADD_05_D1,input1,Non-ROI,9,-4,311,0.788831634161,0.88671875,0.0978871158392
5,ADD_05_D1,input2,ROI,9,-23,348,0.590951906028,0.496283431335,0.094668474693
5,ADD_05_D1,input2,Non-ROI,9,-321,-24,0.408069222813,0.502835340794,0.0947661179809
5,ADD_05_D1,baseline_output,ROI,9,-310,-20,0.164662751182,0.143116543374,0.0215462078082
5,ADD_05_D1,baseline_output,Non-ROI,9,-19,26,0.720079787234,0.759816009105,0.0397362218707
11,ADD_11_X1_ACC1,input1,ROI,9,-153,-12,0.160682624113,0.13808801214,0.0225946119739
11,ADD_11_X1_ACC1,input1,Non-ROI,9,-11,20,0.76355644208,0.805410660091,0.0418542180107
11,ADD_11_X1_ACC1,input2,ROI,9,-129,-8,0.171939642435,0.150553632398,0.0213860100374
11,ADD_11_X1_ACC1,input2,Non-ROI,9,-7,10,0.707372931442,0.746901871523,0.0395289400804
11,ADD_11_X1_ACC1,baseline_output,ROI,9,-240,-22,0.143136820331,0.12222591047,0.0209109098606
11,ADD_11_X1_ACC1,baseline_output,Non-ROI,9,-21,34,0.782238105792,0.821662003667,0.0394238978752
23,ADD_23_X5_ACC1,input1,ROI,9,-87,-7,0.160682624113,0.13808801214,0.0225946119739
23,ADD_23_X5_ACC1,input1,Non-ROI,9,-6,11,0.76355644208,0.805410660091,0.0418542180107
23,ADD_23_X5_ACC1,input2,ROI,9,10,152,0.164662751182,0.143116543374,0.0215462078082
23,ADD_23_X5_ACC1,input2,Non-ROI,9,-12,9,0.714649822695,0.754338960546,0.0396891378512
23,ADD_23_X5_ACC1,baseline_output,ROI,9,5,89,0.179862958038,0.157283368108,0.0225795899296
23,ADD_23_X5_ACC1,baseline_output,Non-ROI,9,-4,4,0.643727836879,0.685705930703,0.0419780938237
17,ADD_17_X3_ACC1,input1,ROI,9,-130,-11,0.147126182033,0.125023710167,0.0221024718662
17,ADD_17_X3_ACC1,input1,Non-ROI,9,-10,16,0.771138076241,0.812087047926,0.040948971685
17,ADD_17_X3_ACC1,input2,ROI,9,2,30,0.196983968676,0.176065772003,0.0209181966731
17,ADD_17_X3_ACC1,input2,Non-ROI,9,-2,1,0.682328605201,0.721389731917,0.0390611267161
17,ADD_17_X3_ACC1,baseline_output,ROI,9,-110,-10,0.13490876182,0.113095520359,0.0218132414612
17,ADD_17_X3_ACC1,baseline_output,Non-ROI,9,-9,15,0.796939642435,0.838543642514,0.0416040000789
6,ADD_06_D2,input1,ROI,9,-348,-7,0.19389036643,0.0967137708649,0.0971765955653
6,ADD_06_D2,input1,Non-ROI,9,-6,292,0.801372266548,0.898893920713,0.0975216541647
6,ADD_06_D2,input2,ROI,9,5,349,0.209764701537,0.113660612671,0.0961040888659
6,ADD_06_D2,input2,Non-ROI,9,-306,4,0.787945109338,0.884300312974,0.0963552036361
6,ADD_06_D2,baseline_output,ROI,9,-320,-22,0.131833628842,0.108474013657,0.0233596151846
6,ADD_06_D2,baseline_output,Non-ROI,9,-21,24,0.761894208038,0.801545902883,0.0396516948453
28,ADD_28_X6_ACC3,input1,ROI,9,-133,-1,0.265892804374,0.165226274026,0.100666530347
28,ADD_28_X6_ACC3,input1,Non-ROI,9,0,119,0.732214095745,0.833455835862,0.101241740118
28,ADD_28_X6_ACC3,input2,ROI,9,2,133,0.220412234043,0.119475531108,0.100936702935
28,ADD_28_X6_ACC3,input2,Non-ROI,9,-119,1,0.777713135343,0.87925004742,0.101536912078
28,ADD_28_X6_ACC3,baseline_output,ROI,9,-26,-1,0.240719193262,0.230235600025,0.0104835932371
28,ADD_28_X6_ACC3,baseline_output,Non-ROI,9,0,3,0.748042257683,0.763111722307,0.0150694646233
22,ADD_22_X4_ACC3,input1,ROI,9,4,260,0.208268690898,0.111530649342,0.0967380415559
22,ADD_22_X4_ACC3,input1,Non-ROI,9,-222,3,0.789865913121,0.887066499115,0.0972005859943
22,ADD_22_X4_ACC3,input2,ROI,9,-246,-2,0.231983229905,0.13064104388,0.101342186026
22,ADD_22_X4_ACC3,input2,Non-ROI,9,-1,221,0.766197547281,0.868120099899,0.101922552618
22,ADD_22_X4_ACC3,baseline_output,ROI,9,-64,-7,0.148945404846,0.129344888088,0.0196005167583
22,ADD_22_X4_ACC3,baseline_output,Non-ROI,9,-6,5,0.703688312648,0.738617144031,0.0349288313836
12,ADD_12_X1_ACC2,input1,ROI,9,-240,-22,0.143136820331,0.12222591047,0.0209109098606
12,ADD_12_X1_ACC2,input1,Non-ROI,9,-21,34,0.782238105792,0.821662003667,0.0394238978752
12,ADD_12_X1_ACC2,input2,ROI,9,-89,-6,0.145002216312,0.121716141882,0.0232860744304
12,ADD_12_X1_ACC2,input2,Non-ROI,9,-5,4,0.693013076241,0.731749099014,0.0387360227725
12,ADD_12_X1_ACC2,baseline_output,ROI,9,-329,-26,0.144152630024,0.123367950177,0.0207846798466
12,ADD_12_X1_ACC2,baseline_output,Non-ROI,9,-25,42,0.784205082742,0.823011507334,0.038806424592
24,ADD_24_X5_ACC2,input1,ROI,9,5,89,0.179862958038,0.157283368108,0.0225795899296
24,ADD_24_X5_ACC2,input1,Non-ROI,9,-4,4,0.643727836879,0.685705930703,0.0419780938237
24,ADD_24_X5_ACC2,input2,ROI,9,-31,-2,0.17681552896,0.154995337001,0.0218201919593
24,ADD_24_X5_ACC2,input2,Non-ROI,9,-1,2,0.722157579787,0.759924680703,0.0377671009159
24,ADD_24_X5_ACC2,baseline_output,ROI,9,5,58,0.132600103428,0.111866543374,0.0207335600541
24,ADD_24_X5_ACC2,baseline_output,Non-ROI,9,-2,4,0.658457077423,0.697728961179,0.0392718837554
31,ADD_31_X7_ACC3,input1,ROI,9,-69,-5,0.141613105792,0.119817352681,0.0217957531111
31,ADD_31_X7_ACC3,input1,Non-ROI,9,-4,3,0.690408909574,0.724466126075,0.0340572165004
31,ADD_31_X7_ACC3,input2,ROI,9,5,70,0.135379728132,0.113089592817,0.022290135315
31,ADD_31_X7_ACC3,input2,Non-ROI,9,-4,4,0.737533244681,0.773263625443,0.0357303807617
31,ADD_31_X7_ACC3,baseline_output,ROI,9,-13,-2,0.0454343971631,0.0424095852301,0.00302481193297
31,ADD_31_X7_ACC3,baseline_output,Non-ROI,9,-1,2,0.93933769208,0.943303063354,0.00396537127319
7,ADD_07_D3,input1,ROI,10,-151,1,0.788074394208,0.658346373925,0.129728020283
7,ADD_07_D3,input1,Non-ROI,10,2,289,0.200567006501,0.328941024911,0.12837401841
7,ADD_07_D3,input2,ROI,10,-4,151,0.846474216903,0.719684575746,0.126789641157
7,ADD_07_D3,input2,Non-ROI,10,-356,-5,0.143958702719,0.269432457638,0.125473754919
7,ADD_07_D3,baseline_output,ROI,10,-2,3,0.715453235816,0.659958665276,0.0554945705399
7,ADD_07_D3,baseline_output,Non-ROI,10,4,116,0.118194075059,0.150514115453,0.0323200403936
4,ADD_04_D0,input1,ROI,10,-148,4,0.850325059102,0.714829919069,0.135495140032
4,ADD_04_D0,input1,Non-ROI,10,5,314,0.138611849882,0.272394252656,0.133782402774
4,ADD_04_D0,input2,ROI,10,-4,149,0.841893838652,0.715258677921,0.126635160731
4,ADD_04_D0,input2,Non-ROI,10,-270,-5,0.145103797281,0.270009405033,0.124905607752
4,ADD_04_D0,baseline_output,ROI,10,-12,7,0.692772975768,0.640864077516,0.0519088982519
4,ADD_04_D0,baseline_output,Non-ROI,10,8,249,0.176833998227,0.213270975594,0.0364369773674
5,ADD_05_D1,input1,ROI,10,-151,4,0.854554521277,0.718256038189,0.136298483087
5,ADD_05_D1,input1,Non-ROI,10,5,299,0.135065750591,0.269722907183,0.134657156592
5,ADD_05_D1,input2,ROI,10,-4,145,0.840730274823,0.716234746459,0.124495528363
5,ADD_05_D1,input2,Non-ROI,10,-297,-5,0.14595338357,0.268673732296,0.122720348727
5,ADD_05_D1,baseline_output,ROI,10,-9,8,0.717078531324,0.662345488746,0.0547330425783
5,ADD_05_D1,baseline_output,Non-ROI,10,9,313,0.14297983156,0.180222954603,0.0372431230427
11,ADD_11_X1_ACC1,input1,ROI,10,-6,3,0.702118424941,0.651035739125,0.051082685816
11,ADD_11_X1_ACC1,input1,Non-ROI,10,4,122,0.176833998227,0.213270975594,0.0364369773674
11,ADD_11_X1_ACC1,input2,ROI,10,-2,3,0.673694222813,0.619655333207,0.0540388896064
11,ADD_11_X1_ACC1,input2,Non-ROI,10,4,130,0.14297983156,0.180222954603,0.0372431230427
11,ADD_11_X1_ACC1,baseline_output,ROI,10,-9,7,0.709949394208,0.654734525164,0.0552148690436
11,ADD_11_X1_ACC1,baseline_output,Non-ROI,10,8,201,0.150746158392,0.188930513404,0.0381843550117
23,ADD_23_X5_ACC1,input1,ROI,10,-3,2,0.718906988771,0.667217928048,0.0516890607231
23,ADD_23_X5_ACC1,input1,Non-ROI,10,3,69,0.150699985225,0.186917125063,0.0362171398386
23,ADD_23_X5_ACC1,input2,ROI,10,-3,4,0.702109190307,0.647828939049,0.0542802512583
23,ADD_23_X5_ACC1,input2,Non-ROI,10,-153,-4,0.157949172577,0.194739504299,0.0367903317226
23,ADD_23_X5_ACC1,baseline_output,ROI,10,-2,1,0.734162603428,0.678527677668,0.0556349257597
23,ADD_23_X5_ACC1,baseline_output,Non-ROI,10,-65,-3,0.10301233747,0.136232691578,0.0332203541077
17,ADD_17_X3_ACC1,input1,ROI,10,-5,3,0.717484855201,0.666463154401,0.0510217008003
17,ADD_17_X3_ACC1,input1,Non-ROI,10,4,104,0.161467567967,0.197843560319,0.0363759923518
17,ADD_17_X3_ACC1,input2,ROI,10,-1,0,0.709275265957,0.66336700177,0.0459082641871
17,ADD_17_X3_ACC1,input2,Non-ROI,10,-31,-2,0.0829824172577,0.114437120637,0.0314547033796
17,ADD_17_X3_ACC1,baseline_output,ROI,10,-4,2,0.700022163121,0.649160660091,0.0508615030295
17,ADD_17_X3_ACC1,baseline_output,Non-ROI,10,3,84,0.176030585106,0.212668342185,0.0366377570787
6,ADD_06_D2,input1,ROI,10,-153,5,0.873153073286,0.74122723824,0.131925835046
6,ADD_06_D2,input1,Non-ROI,10,6,303,0.117150561466,0.247569707891,0.130419146425
6,ADD_06_D2,input2,ROI,10,-4,150,0.846178708629,0.722434955109,0.12374375352
6,ADD_06_D2,input2,Non-ROI,10,-321,-5,0.143035239362,0.265773188543,0.122737949182
6,ADD_06_D2,baseline_output,ROI,10,-4,10,0.71810357565,0.664813321952,0.0532902536977
6,ADD_06_D2,baseline_output,Non-ROI,10,11,258,0.090444001182,0.122846326505,0.0324023253228
28,ADD_28_X6_ACC3,input1,ROI,10,-57,0,0.760906102246,0.633541587633,0.127364514613
28,ADD_28_X6_ACC3,input1,Non-ROI,10,1,111,0.227033466312,0.353279511254,0.126246044942
28,ADD_28_X6_ACC3,input2,ROI,10,-1,58,0.817948433806,0.690870795397,0.127077638409
28,ADD_28_X6_ACC3,input2,Non-ROI,10,-112,-2,0.171302452719,0.297250410976,0.125947958258
28,ADD_28_X6_ACC3,baseline_output,ROI,10,0,0,0.581301713948,0.572023583713,0.00927813023529
28,ADD_28_X6_ACC3,baseline_output,Non-ROI,10,-4,-1,0.206301713948,0.212356158321,0.0060544443727
22,ADD_22_X4_ACC3,input1,ROI,10,-3,108,0.850417405437,0.725669417046,0.124747988391
22,ADD_22_X4_ACC3,input1,Non-ROI,10,-207,-4,0.138390218676,0.262467596105,0.124077377429
22,ADD_22_X4_ACC3,input2,ROI,10,-106,3,0.859282653664,0.730695972433,0.128586681231
22,ADD_22_X4_ACC3,input2,Non-ROI,10,4,207,0.129395685579,0.256709977238,0.127314291659
22,ADD_22_X4_ACC3,baseline_output,ROI,10,-1,1,0.813368055556,0.756895706879,0.0564723486764
22,ADD_22_X4_ACC3,baseline_output,Non-ROI,10,-41,-2,0.0930296985816,0.125517671978,0.0324879733962
12,ADD_12_X1_ACC2,input1,ROI,10,-9,7,0.709949394208,0.654734525164,0.0552148690436
12,ADD_12_X1_ACC2,input1,Non-ROI,10,8,201,0.150746158392,0.188930513404,0.0381843550117
12,ADD_12_X1_ACC2,input2,ROI,10,-1,2,0.731438386525,0.678952484825,0.0524859016993
12,ADD_12_X1_ACC2,input2,Non-ROI,10,3,72,0.100537455674,0.132478581816,0.0319411261421
12,ADD_12_X1_ACC2,baseline_output,ROI,10,-12,8,0.719331781915,0.663475673369,0.0558561085462
12,ADD_12_X1_ACC2,baseline_output,Non-ROI,10,9,356,0.153313386525,0.192143241022,0.0388298544969
24,ADD_24_X5_ACC2,input1,ROI,10,-2,1,0.734162603428,0.678527677668,0.0556349257597
24,ADD_24_X5_ACC2,input1,Non-ROI,10,-65,-3,0.10301233747,0.136232691578,0.0332203541077
24,ADD_24_X5_ACC2,input2,ROI,10,0,0,0.662317154255,0.612400022129,0.0499171321258
24,ADD_24_X5_ACC2,input2,Non-ROI,10,1,25,0.169658687943,0.199031044512,0.0293723565686
24,ADD_24_X5_ACC2,baseline_output,ROI,10,-1,1,0.75313054078,0.701435650607,0.0516948901732
24,ADD_24_X5_ACC2,baseline_output,Non-ROI,10,-42,-2,0.122442006501,0.154410486216,0.0319684797153
31,ADD_31_X7_ACC3,input1,ROI,10,-1,2,0.776678856383,0.727489172357,0.0491896840259
31,ADD_31_X7_ACC3,input1,Non-ROI,10,3,56,0.0808953900709,0.110615832069,0.0297204419979
31,ADD_31_X7_ACC3,input2,ROI,10,-1,0,0.655234190307,0.601997186394,0.0532370039138
31,ADD_31_X7_ACC3,input2,Non-ROI,10,-57,-2,0.118194075059,0.150514115453,0.0323200403936
31,ADD_31_X7_ACC3,baseline_output,ROI,10,0,0,0.609735150709,0.597569312721,0.0121658379879
31,ADD_31_X7_ACC3,baseline_output,Non-ROI,10,-6,-1,0.19350251182,0.200789548558,0.00728703673809
