image,unit,baseline_global_psnr,baseline_roi_psnr,baseline_non_roi_psnr,attack_lower,attack_upper,attack_fast_roi_error,attack_fast_non_roi_error,attack_fast_redis,attack_global_psnr,attack_d_global,attack_roi_psnr,attack_d_roi,attack_non_roi_psnr,attack_d_non_roi,feasible_attack_exists,feasible_attack_lower,feasible_attack_upper,feasible_attack_global_psnr,feasible_attack_d_roi,comp_lower,comp_upper,comp_fast_roi_error,comp_fast_non_roi_error,comp_fast_redis,comp_global_psnr,comp_d_global,comp_roi_psnr,comp_d_roi,comp_non_roi_psnr,comp_d_non_roi,redis_lower,redis_upper,redis_fast_roi_error,redis_fast_non_roi_error,redis_fast_redis,redis_global_psnr,redis_d_global,redis_roi_psnr,redis_d_roi,redis_non_roi_psnr,redis_d_non_roi
1,5L8,30.1789660945,30.065909328,30.2035427971,18,18,0.000757239952719,-0.00259626327769,0.00335350323041,30.1790517342,8.5639757792e-05,30.065909328,0,30.2036473507,0.000104553510351,1,18,18,30.1790517342,0,-307,289,-2.30066119976,-2.28217074482,-0.0184904549482,30.2639202936,0.0849541991171,30.1456842993,0.0797749712882,30.2896416609,0.08609886379,-40,282,-1.42759123818,-1.58923123735,0.161639999175,30.2100922502,0.0311261556849,30.1000358162,0.0341264882083,30.2340066093,0.0304638121385
1,5PD,30.1789660945,30.065909328,30.2035427971,-305,229,89.3640938978,90.4902570972,-1.12616319949,29.9675075019,-0.211458592612,29.9411067812,-0.124802546818,29.9731771177,-0.230365679397,0,,,,,136,137,0,-0.000237101669196,0.000237101669196,30.1789660945,0,30.065909328,0,30.2035427971,0,-84,-39,32.8117519947,22.192686599,10.6190653957,30.0965823395,-0.0823837549746,29.9735222455,-0.0923870825313,30.1233713849,-0.0801714122335
1,5PN,30.1789660945,30.065909328,30.2035427971,-305,229,64.1065492021,63.2352483245,0.871300877646,30.0260814579,-0.152884636608,29.9337785524,-0.132130775614,30.0460880138,-0.157454783312,1,-305,229,30.0260814579,-0.132130775614,282,282,0,-7.90338897319e-05,7.90338897319e-05,30.1789660945,0,30.065909328,0,30.2035427971,0,-84,-51,19.7732435727,11.3475811678,8.42566240489,30.16609901,-0.0128670844797,30.0380452429,-0.0278640850676,30.1939947907,-0.00954800644957
1,5QC,30.1789660945,30.065909328,30.2035427971,216,289,7.38770685579e-05,-0.00749241274659,0.00756628981514,30.1791559542,0.000189859730515,30.0659681914,5.88634004899e-05,30.2037615879,0.000218790778796,1,216,289,30.1791559542,5.88634004899e-05,-307,289,-3.1616153221,-3.12842019158,-0.0331951305259,30.2992264695,0.120260374992,30.1914812129,0.125571884896,30.3226310014,0.119088204235,-40,289,-1.88909205083,-2.09985536798,0.210763317154,30.2469291854,0.0679630909233,30.1383989573,0.0724896292628,30.2705068386,0.0669640414678
1,5QT,30.1789660945,30.065909328,30.2035427971,-118,-117,7.38770685579e-05,-0.000995827010622,0.00106970407918,30.1790404061,7.43116505824e-05,30.0658742608,-3.50671785156e-05,30.2036412655,9.84683164234e-05,1,-118,-117,30.1790404061,-3.50671785156e-05,-307,282,-3.40044141548,-3.35858663695,-0.0418547785347,30.1597900327,-0.0191760617862,30.0461887254,-0.0197206026235,30.1844870063,-0.0190557908364,-40,282,-2.01899564125,-2.24750055324,0.228504911984,30.1829648706,0.00399877611831,30.0692620557,0.00335272768716,30.2076842659,0.00414146875356
1,5TE,30.1789660945,30.065909328,30.2035427971,-305,229,9.83766437648,9.84166943285,-0.00400505637527,30.2781950228,0.0992289283267,30.1885455333,0.122636205247,30.2976191964,0.0940763992893,1,-305,229,30.2781950228,0.122636205247,-87,-87,0.00313054078014,-0.00202919511887,0.00515973589901,30.1868942464,0.0079281519335,30.0700342012,0.00412487317487,30.2123113517,0.00876855455826,-87,-50,3.08228058511,1.86272208523,1.21955849988,30.237670065,0.0587039704612,30.1359723747,0.0700630467101,30.2597421179,0.0561993207775
1,5SB,30.1789660945,30.065909328,30.2035427971,-305,229,195.096492686,188.925674554,6.17081813192,28.7850240343,-1.39394206022,28.6612213583,-1.40468796968,28.8119775579,-1.39156523929,0,,,,,277,277,0,-0.000237101669196,0.000237101669196,30.1789660945,0,30.065909328,0,30.2035427971,0,-83,-39,58.0889018174,36.2690728534,21.8198289639,29.9826749378,-0.196291156654,29.8111651718,-0.254744156226,30.0202677267,-0.183275070423
1,5Z0,30.1789660945,30.065909328,30.2035427971,-305,229,1242.22880652,1117.74987157,124.478934946,25.2790378014,-4.89992829314,24.9324021257,-5.13350720228,25.356938839,-4.84660395812,0,,,,,277,280,0,-0.000490010116338,0.000490010116338,30.1789660945,0,30.065909328,0,30.2035427971,0,-84,-51,654.802545065,381.084151334,273.718393731,27.4930359916,-2.68593010287,26.4784399561,-3.58746937194,27.7447269453,-2.4588158518
2,5L8,30.7095820414,30.3368268385,30.7936684899,66,66,0.00120050236407,-0.00114203970663,0.00234254207069,30.709149422,-0.000432619425926,30.3351395644,-0.00168727408621,30.7935341474,-0.000134342461031,1,66,66,30.709149422,-0.00168727408621,-340,349,-2.35862699468,-2.32891731474,-0.0297096799363,30.7596884628,0.0501064214077,30.415568635,0.0787417964605,30.8369961432,0.0433276533502,-76,30,-1.73676677009,-1.96089600721,0.224129237113,30.7431628749,0.0335808334262,30.362928312,0.0261014735356,30.8290290172,0.0353605272676
2,5PD,30.7095820414,30.3368268385,30.7936684899,-340,270,88.3703272754,88.9826323027,-0.612305027318,30.2537662416,-0.455815799833,30.0533908207,-0.28343601783,30.2978662397,-0.495802250189,1,-340,270,30.2537662416,-0.28343601783,265,268,0,-0.000426783004552,0.000426783004552,30.7096025215,2.04800944026e-05,30.3368268385,0,30.793693838,2.53481001806e-05,-340,-82,14.6413268322,6.69601985331,7.94530697884,30.6715742922,-0.0380077492662,30.3401379863,0.00331114777605,30.7458970502,-0.0477714396792
2,5PN,30.7095820414,30.3368268385,30.7936684899,-340,270,61.8739749557,60.1822343671,1.69174058858,30.2833995981,-0.426182443307,30.0699226327,-0.266904205791,30.3304706295,-0.463197860354,1,-340,270,30.2833995981,-0.266904205791,349,349,0,-0.000252908447142,0.000252908447142,30.7095820414,0,30.3368268385,0,30.7936684899,0,-335,-82,10.1816821809,4.41019774279,5.77148443806,30.6743298388,-0.0352522026268,30.3312091328,-0.00561770568762,30.7514019963,-0.0422664936114
2,5QC,30.7095820414,30.3368268385,30.7936684899,193,196,7.38770685579e-05,-0.000474203338392,0.000548080406949,30.7095664254,-1.56160070865e-05,30.3368268385,0,30.7936491621,-1.93278269727e-05,1,193,196,30.7095664254,0,-340,365,-3.16151374113,-3.11819913379,-0.0433146073462,30.8052190783,0.0956370368791,30.4608906136,0.124063775115,30.8825759491,0.0889074592143,-74,30,-2.29983008274,-2.59366306272,0.293832979979,30.7847167274,0.0751346859536,30.405576041,0.0687492025313,30.8703223477,0.0766538578394
2,5QT,30.7095820414,30.3368268385,30.7936684899,98,99,7.38770685579e-05,-0.000695498229641,0.000769375298199,30.7094179482,-0.000164093269422,30.3360604203,-0.000766418219705,30.7936475778,-2.09120712675e-05,1,98,99,30.7094179482,-0.000766418219705,-340,365,-3.40572362589,-3.36115523837,-0.0445683875203,30.7229009055,0.0133188641075,30.3253341066,-0.0114927318779,30.8129058264,0.0192373364771,-76,30,-2.50724918735,-2.82759349709,0.320344309739,30.7217509094,0.0121688679454,30.3389428549,0.00211601635712,30.8082302852,0.0145617953018
2,5TE,30.7095820414,30.3368268385,30.7936684899,-340,211,9.78883163416,9.81046685319,-0.0216352190259,30.701088573,-0.00849346841668,30.3886196358,0.0517927972968,30.7709676133,-0.0227008765372,1,-340,211,30.701088573,0.0517927972968,9,9,-0.00659352836879,-0.00623972559433,-0.000353802774459,30.7142957772,0.00471373577496,30.342672059,0.00584522049969,30.7981133221,0.00444483222217,-335,-82,1.48760712175,0.669697616338,0.817909505412,30.7202876015,0.0107055600915,30.3829399669,0.0461131283608,30.7960001836,0.00233169368219
2,5SB,30.7095820414,30.3368268385,30.7936684899,-340,270,188.295369755,205.061091221,-16.7657214662,28.9591116286,-1.75047041287,28.8562120593,-1.48061477926,28.981448315,-1.81222017489,0,,,,,241,241,0,-0.000252908447142,0.000252908447142,30.7095820414,0,30.3368268385,0,30.7936684899,0,-335,-71,19.2130060579,14.2939230842,4.9190829737,30.6213516327,-0.0882304087258,30.2546239776,-0.0822028609044,30.7040066001,-0.089661889796
2,5Z0,30.7095820414,30.3368268385,30.7936684899,-336,270,952.832012781,1032.16950991,-79.3374971301,25.7381455971,-4.97143644435,25.7457748075,-4.59105203103,25.7365149861,-5.05715350375,0,,,,,161,161,-5.54078014184e-05,-3.9516944866e-06,-5.14561069318e-05,30.7095820414,0,30.3368268385,0,30.7936684899,0,32,81,123.841007314,58.9037703117,64.9372370021,30.0785098177,-0.631072223718,29.3732000656,-0.963626772897,30.2455345215,-0.548133968374
3,5L8,28.7962887882,29.5321857082,28.6538159229,173,178,0.00136672576832,0.00334313353566,-0.00197640776734,28.7994077614,0.00311897319907,29.532469256,0.000283547829273,28.6574306676,0.00361474464255,0,,,,,-338,307,-2.30512152778,-2.01871324924,-0.286408278537,28.8512864007,0.0549976124227,29.6132487557,0.0810630474987,28.704273784,0.0504578610283,47,307,-0.114546394799,-0.321928743045,0.207382348246,28.7797144787,-0.0165743095502,29.5250278309,-0.00715787734911,28.6355978845,-0.0182180384002
3,5PD,28.7962887882,29.5321857082,28.6538159229,-330,205,89.1612182329,87.649575588,1.51164264485,29.2429156651,0.44662687689,29.5585694282,0.0263837200334,29.1782579027,0.524441979801,0,,,,,137,139,0.00502364066194,-7.90338897319e-05,0.00510267455167,28.7962930726,4.28435235023e-06,29.5323418787,0.000156170537625,28.6537936609,-2.22620744594e-05,-78,32,61.584626182,48.8710087886,12.7136173935,28.8834838218,0.0871950335405,29.5035344871,-0.0286512210869,28.7615798981,0.1077639752
3,5PN,28.7962887882,29.5321857082,28.6538159229,-330,205,60.9392361111,57.7921329666,3.1471031445,29.2756435883,0.479354800022,29.5939086679,0.0617229596975,29.2104741371,0.556658214123,0,,,,,215,215,0,-0.000126454223571,0.000126454223571,28.7962887882,0,29.5321857082,0,28.6538159229,0,-50,45,36.8072454935,27.5307303522,9.27651514132,29.016559621,0.220270832774,29.5671369779,0.0349512696538,28.9073050072,0.25348908422
3,5QC,28.7962887882,29.5321857082,28.6538159229,-268,-267,7.38770685579e-05,-0.00115389479009,0.00122777185864,28.7962704974,-1.8290841318e-05,29.5321857082,0,28.6537944352,-2.148774335e-05,0,,,,,-339,307,-3.13901817376,-3.05937420966,-0.0796439640978,28.9493330551,0.153044266824,29.6659139997,0.133728291513,28.8102451124,0.156429189506,34,307,-0.211519281915,-0.548935808675,0.33741652676,28.8656736344,0.0693848461621,29.5527176124,0.0205319041559,28.7317960896,0.0779801666447
3,5QT,28.7962887882,29.5321857082,28.6538159229,-203,-202,0.000147754137116,-0.00120131512393,0.00134906926104,28.7962278191,-6.09691714963e-05,29.5321857082,0,28.6537442975,-7.16253977266e-05,0,,,,,-353,307,-3.36056626773,-3.16121925582,-0.199347011914,28.7158288772,-0.0804599110413,29.4655594566,-0.0666262516061,28.5709426546,-0.0828732683528,38,307,-0.208157875296,-0.518088881512,0.309931006217,28.7651486692,-0.0311401190308,29.5199057078,-0.0122800003547,28.6193877868,-0.0344281361104
3,5TE,28.7962887882,29.5321857082,28.6538159229,-305,205,9.57732158688,8.98253943791,0.594782148968,29.2329007838,0.436611995509,29.7502957981,0.218110089924,29.1297728332,0.475956910243,0,,,,,-71,-71,-0.00941009160757,-0.001843465478,-0.00756662612957,28.799582725,0.00329393677539,29.5364419794,0.00425627115236,28.6569416829,0.00312575993267,-78,46,6.74745124113,5.43192811077,1.31552313036,28.9797183571,0.183429568855,29.6523566199,0.120170911656,28.8483971879,0.19458126496
3,5SB,28.7962887882,29.5321857082,28.6538159229,-330,205,172.932273197,147.37621317,25.5560600272,28.3713094609,-0.424979327327,28.5544988664,-0.977686841845,28.3330978983,-0.320718024615,0,,,,,214,215,0,-0.000142261001517,0.000142261001517,28.7962887882,0,29.5321857082,0,28.6538159229,0,-51,62,130.886127733,98.9671278294,31.918999904,28.3213261626,-0.47496262563,28.5260924949,-1.00609321333,28.2787405266,-0.375075396335
3,5Z0,28.7962887882,29.5321857082,28.6538159229,-330,205,845.554604388,1026.80408882,-181.24948443,25.1949097969,-3.60137899138,25.7266638601,-3.80552184815,25.0891238375,-3.56469208542,0,,,,,283,283,0,-4.74203338392e-05,4.74203338392e-05,28.7962887882,0,29.5321857082,0,28.6538159229,0,-57,44,270.799451463,156.802219667,113.997231796,27.9124170799,-0.883871708376,27.9528368295,-1.57934887868,27.9038174879,-0.749998435074
4,5L8,30.1106819542,29.649772659,30.2159879467,126,126,0.00103427895981,3.16135558928e-05,0.00100266540392,30.110750646,6.86918298634e-05,29.6498534557,8.0796633906e-05,30.2160536879,6.57412169609e-05,1,126,126,30.110750646,8.0796633906e-05,-336,365,-2.23802268026,-2.28729016502,0.0492674847627,30.1896980277,0.0790160735129,29.7932219083,0.14344924931,30.2794419005,0.0634539538552,37,321,-0.149434840426,-0.495372565756,0.345937725331,30.107138662,-0.00354329218631,29.6498693876,9.67285419549e-05,30.21155784,-0.00443010662156
4,5PD,30.1106819542,29.649772659,30.2159879467,-336,365,88.0630263741,89.3629374526,-1.29991107847,30.0563362214,-0.0543457328247,29.7610223473,0.111249688312,30.1222167037,-0.093771242958,1,-336,365,30.0563362214,0.111249688312,183,183,0,-0.000110647445625,0.000110647445625,30.1106819542,0,29.649772659,0,30.2159879467,0,-65,37,54.4422188978,42.2300380153,12.2121808825,30.1067422446,-0.00393970960781,29.8379061034,0.18813344434,30.1664892885,-0.049498658129
4,5PN,30.1106819542,29.649772659,30.2159879467,-336,365,60.3360760195,67.0119005279,-6.67582450844,30.0196481665,-0.0910337876939,29.8004555889,0.150682929852,30.068018775,-0.147969171643,1,-336,365,30.0196481665,0.150682929852,163,163,0,-0.000126454223571,0.000126454223571,30.1107203145,3.83602385625e-05,29.649772659,0,30.2160356575,4.7710826351e-05,-61,36,36.2981586141,29.2664252181,7.03173339593,30.1271031922,0.0164212379637,29.9147879075,0.265015248501,30.1739103451,-0.0420776015733
4,5QC,30.1106819542,29.649772659,30.2159879467,225,237,0.000147754137116,-0.000584850784016,0.000732604921132,30.1106627742,-1.9179992222e-05,29.649772659,0,30.2159640914,-2.38552166216e-05,1,225,237,30.1106627742,0,-339,347,-3.15012743794,-3.09559741717,-0.0545300207708,30.2214816368,0.110799682555,29.7605273567,0.110754697708,30.3267985946,0.11081064795,37,323,-0.183990839243,-0.600207068791,0.416216229548,30.1345953671,0.0239134128546,29.6508151648,0.00104250579369,30.2454945846,0.0295066379087
4,5QT,30.1106819542,29.649772659,30.2159879467,-154,-154,0.000295508274232,-0.000189681335357,0.000485189609588,30.1106962278,1.42735375555e-05,29.6498113502,3.86911582559e-05,30.2159962683,8.32161802222e-06,1,-154,-154,30.1106962278,3.86911582559e-05,-339,364,-3.35283687943,-3.32007144664,-0.0327654327963,30.0827034057,-0.0279785485521,29.5954412914,-0.054331367619,30.1944573676,-0.021530579076,37,323,-0.2005393026,-0.648544195751,0.448004893151,30.0995991193,-0.0110828348698,29.6467160091,-0.00305664993917,30.2029509279,-0.0130370187592
4,5TE,30.1106819542,29.649772659,30.2159879467,-336,365,9.26894023345,9.69846397635,-0.429523742902,30.2446673539,0.133985399649,29.8805567545,0.230784095448,30.3267015622,0.110713615567,1,-336,365,30.2446673539,0.230784095448,-103,-103,-0.00152371453901,-0.00245597812342,0.000932263584412,30.115249873,0.0045679187314,29.6541868119,0.00441415286785,30.2205933476,0.00460540090095,-62,32,5.63112256206,4.57603257777,1.05508998429,30.1646732148,0.053991260628,29.8336918843,0.183919225281,30.2388890996,0.0229011528925
4,5SB,30.1106819542,29.649772659,30.2159879467,-336,365,163.557559471,173.93413118,-10.3765717094,28.8606111302,-1.25007082406,28.5052272323,-1.1445454267,28.9405787277,-1.27540921899,0,,,,,239,239,0,-0.000126454223571,0.000126454223571,30.1106819542,0,29.649772659,0,30.2159879467,0,-62,2,85.0959016696,76.2824809528,8.81342071679,29.3379351255,-0.772746828685,28.9590249184,-0.690747740609,29.4234858644,-0.792502082269
4,5Z0,30.1106819542,29.649772659,30.2159879467,-336,365,958.132147606,811.262601954,146.869545653,26.2180555118,-3.89262644239,25.6542288719,-3.99554378711,26.3488223161,-3.86716563053,0,,,,,232,235,0.00265957446809,-0.000126454223571,0.00278602869166,30.1106806161,-1.33814173964e-06,29.6497294164,-4.32426513122e-05,30.2159968231,8.87639312452e-06,-68,7,574.946669991,195.750250933,379.196419059,28.3635193285,-1.74716262574,26.8567314063,-2.79304125268,28.767093883,-1.44889406363
5,5L8,29.4132563707,30.098405251,29.2797145516,-90,-90,0.000591016548463,-0.00493171471927,0.00552273126773,29.412522708,-0.000733662633916,30.0981604666,-0.000244784339241,29.2788942653,-0.000820286309782,0,,,,,-308,67,-2.32772791076,-2.24454468576,-0.0831832249952,29.540321364,0.127064993292,30.2171243807,0.118719129711,29.4082601093,0.128545557669,-103,-62,-0.238779920213,-0.674805181462,0.436025261249,29.4731828105,0.0599264398809,30.1141204782,0.0157152272091,29.3475223939,0.0678078422832
5,5PD,29.4132563707,30.098405251,29.2797145516,-339,170,88.2239029255,90.8742136128,-2.65031068727,29.5192741326,0.106017761926,29.9196349548,-0.178770296205,29.4382039435,0.158489391838,0,,,,,-280,-278,0.0197990543735,-0.000237101669196,0.0200361560427,29.4132197131,-3.66575851736e-05,30.0980860247,-0.000319226325011,29.2797279672,1.34156181346e-05,-61,-4,41.7586805556,22.9221279084,18.8365526471,29.4178533661,0.0045969954511,29.9829742839,-0.115430967102,29.3059309055,0.026216353877
5,5PN,29.4132563707,30.098405251,29.2797145516,-339,170,65.5424054374,66.2800170713,-0.737611633968,29.5435718746,0.13031550397,29.9199679718,-0.178437279167,29.4671062869,0.187391735309,0,,,,,58,66,0.160978132388,-0.000316135558928,0.161294267947,29.4132842914,2.79207517266e-05,30.0983800148,-2.52361367643e-05,29.2797518919,3.73402399845e-05,-59,-2,28.6574966755,14.3573616117,14.3001350639,29.3683221661,-0.0449342045461,29.9312924157,-0.167112835255,29.2567935547,-0.0229209968955
5,5QC,29.4132563707,30.098405251,29.2797145516,-242,-241,7.38770685579e-05,-0.00162809812848,0.00170197519704,29.4134199091,0.000163538384943,30.098405251,0,29.2799070697,0.000192518089836,0,,,,,-333,81,-3.20314346927,-3.17383108877,-0.0293123804963,29.5596610323,0.14640466163,30.2281337144,0.129728463448,29.4290809321,0.149366380484,-103,-61,-0.377077792553,-1.03086866148,0.653790868929,29.4682202804,0.0549639096835,30.1152654409,0.0168601899088,29.3414654619,0.0617509102822
5,5QT,29.4132563707,30.098405251,29.2797145516,-258,-255,0.000221631205674,-0.0013277693475,0.00154940055317,29.4132630184,6.64778174553e-06,30.098405251,0,29.2797223774,7.82577220804e-06,0,,,,,-333,82,-3.45147200059,-3.39787043184,-0.0536015687498,29.3482109902,-0.0650453804693,30.0919168235,-0.00648842753452,29.2043747077,-0.0753398438976,-103,-61,-0.411763076241,-1.12179715162,0.710034075377,29.3697299993,-0.0435263714158,30.0950677831,-0.00333746787664,29.2291053195,-0.0506092320911
5,5TE,29.4132563707,30.098405251,29.2797145516,-339,282,10.0937130615,9.8809512519,0.212761809569,29.641087489,0.227831118328,30.1721330582,0.0737278071762,29.5354324351,0.255717883514,0,,,,,9,9,-0.00945626477541,-0.00882018209408,-0.000636082681332,29.4201881231,0.00693175246131,30.1024082964,0.00400304541666,29.2871654781,0.00745092649352,-62,159,7.59959552305,5.42482098824,2.17477453481,29.5039117337,0.0906553630452,30.1597452585,0.0613400075264,29.3755853087,0.0958707571219
5,5SB,29.4132563707,30.098405251,29.2797145516,-339,282,187.033955748,172.426694091,14.6072616562,28.3875589507,-1.02569741992,28.5289495767,-1.56945567429,28.3578956174,-0.92181893426,0,,,,,40,40,0.0387669917258,-5.92754172989e-05,0.0388262671431,29.4132373771,-1.89936060728e-05,30.098188225,-0.000217025984039,29.2797306504,1.60987467339e-05,-60,282,147.227005762,118.446719303,28.7802864592,28.3808557394,-1.03240063123,28.7369555164,-1.36144973456,28.3083136748,-0.971400876842
5,5Z0,29.4132563707,30.098405251,29.2797145516,-339,232,1465.5800181,1238.28140609,227.298612008,24.6773758005,-4.73588057016,24.6081977773,-5.49020747373,24.6923213677,-4.58739318388,0,,,,,48,56,4.03531323877,-3.16135558928e-05,4.03534485233,29.4083574441,-0.00489892655576,30.0659631817,-0.0324420692576,29.2797145516,0,-60,232,1057.05715315,519.18695269,537.870200457,26.6351369265,-2.77811944414,25.6343233168,-4.46408193418,26.8828887336,-2.39682581802
6,5L8,30.2505423684,30.4993056732,30.1991181767,66,66,0.00110815602837,-1.58067779464e-05,0.00112396280632,30.2503717025,-0.000170665858835,30.4988296602,-0.000476013009738,30.1990084824,-0.000109694322756,1,66,66,30.2503717025,-0.000476013009738,-345,350,-2.32623190012,-2.17281747914,-0.153414420983,30.3194096311,0.0688672627433,30.5763449409,0.077039267734,30.2663555673,0.0672373905921,-73,-31,-0.332262115839,-0.450184939302,0.117922823463,30.268292953,0.0177505846089,30.5129675968,0.0136619236642,30.2176856095,0.0185674327726
6,5PD,30.2505423684,30.4993056732,30.1991181767,-335,301,89.5021978428,88.1275172294,1.3746806134,30.0274559007,-0.223086467701,30.1594969924,-0.339808680774,29.9997182384,-0.199399938308,1,-335,301,30.0274559007,-0.339808680774,296,297,0.00568853427896,-0.000126454223571,0.00581498850253,30.2505389135,-3.45484097863e-06,30.499214341,-9.13321223202e-05,30.1991322686,1.4091914835e-05,-335,-71,17.3194075059,10.6994578275,6.61994967839,30.1938587874,-0.0566835810171,30.4230054513,-0.0763002218317,30.1463621044,-0.0527560723654
6,5PN,30.2505423684,30.4993056732,30.1991181767,-335,301,62.9691009161,61.7575912051,1.21150971097,30.0451774956,-0.205364872796,30.1695336386,-0.329772034566,30.0190264077,-0.180091769064,1,-335,301,30.0451774956,-0.329772034566,205,205,0,-0.000252908447142,0.000252908447142,30.2505423684,0,30.4993056732,0,30.1991181767,0,-333,-76,11.5591016548,6.41257271118,5.14652894367,30.2171839454,-0.0333584229503,30.4471027713,-0.0522029018324,30.1695322625,-0.0295859141896
6,5QC,30.2505423684,30.4993056732,30.1991181767,-282,-276,0.000129284869976,-0.000248956752656,0.000378241622632,30.2506658232,0.000123454788085,30.4992932187,-1.24544934117e-05,30.1992687692,0.000150592436857,1,-282,-276,30.2506658232,-1.24544934117e-05,-345,350,-3.17578125,-3.09671574671,-0.0790655032878,30.363951347,0.113408978666,30.6150065499,0.115700876752,30.3120696747,0.112951497957,-74,-31,-0.503250591017,-0.688306145675,0.185055554659,30.2692509629,0.0187085945783,30.5096302713,0.0103245980874,30.2195027523,0.0203845756131
6,5QT,30.2505423684,30.4993056732,30.1991181767,-247,-244,9.23463356974e-05,-0.00107881259484,0.00117115893054,30.2504870912,-5.52771258597e-05,30.4990275313,-0.000278141844898,30.1991074006,-1.0776139316e-05,1,-247,-244,30.2504870912,-0.000278141844898,-345,350,-3.41068262411,-3.28363682347,-0.127045800644,30.262934586,0.012392217596,30.5185114186,0.0192057454715,30.2101512099,0.0110330331606,-72,-31,-0.526291001773,-0.726639558042,0.200348556269,30.2513338297,0.000791461335481,30.5038165481,0.00451087492013,30.1991673605,4.91837446006e-05
6,5TE,30.2505423684,30.4993056732,30.1991181767,-335,301,9.38567523641,9.4989962696,-0.113321033194,30.3639362164,0.113393848033,30.5515218055,0.052216132287,30.3248313381,0.125713161394,1,-335,301,30.3639362164,0.052216132287,115,116,0.00110815602837,-0.0338423115832,0.0349504676116,30.2571572078,0.00661483944008,30.4993056732,0,30.2070550152,0.00793683847406,-340,-73,1.73612034574,1.11314294069,0.622977405052,30.2605018829,0.009959514562,30.5196763679,0.0203706947589,30.2070018666,0.00788368992851
6,5SB,30.2505423684,30.4993056732,30.1991181767,-335,301,184.146572104,175.041856348,9.10471575602,28.9860780144,-1.26446435393,29.006700211,-1.4926054622,28.9816783666,-1.21743981013,0,,,,,-297,-296,0.0124113475177,-6.32271117855e-05,0.0124745746295,30.2504497796,-9.25887880818e-05,30.4987494073,-0.000556265877474,30.1991181767,0,-24,95,134.500304743,122.364328449,12.1359762939,29.1461526006,-1.10438976779,29.2448902881,-1.25441538502,29.1253150424,-1.07380313427
6,5Z0,30.2505423684,30.4993056732,30.1991181767,-335,301,958.009013002,1081.71264858,-123.703635581,25.6731623633,-4.57738000502,25.8805057073,-4.61879996582,25.6300560604,-4.56906211634,0,,,,,228,232,0.130836288416,-0.000142261001517,0.130978549418,30.250485479,-5.68893647994e-05,30.4990219963,-0.000283676825219,30.1991065716,-1.16050720038e-05,-27,96,371.564762485,256.700625553,114.864136932,28.5706211709,-1.67992119749,28.1751168979,-2.3241887753,28.6601325061,-1.53898567061
7,5L8,29.8372418935,29.8209139039,29.8407434257,-153,-149,0.000812647754137,-0.00162809812848,0.00244074588261,29.8372651385,2.32450813016e-05,29.8207209636,-0.00019294030519,29.840813139,6.97133098271e-05,0,,,,,-341,257,-2.34002844267,-2.30994522951,-0.030083213157,29.9024644933,0.0652225998745,29.8385205236,0.0176066196757,29.9162691135,0.0755256877981,-313,37,-1.76715794917,-2.16795887076,0.400800921591,29.9058880087,0.0686461151972,29.8473911649,0.0264772610482,29.918507012,0.0777635862452
7,5PD,29.8372418935,29.8209139039,29.8407434257,-354,271,91.338809471,90.6899480747,0.648861396306,29.8131984604,-0.0240434330695,29.8138221771,-0.00709172674762,29.8130650213,-0.0276784044785,0,,,,,196,196,0.017878250591,-7.90338897319e-05,0.0179572844807,29.8373133044,7.14109610627e-05,29.8210961989,0.000182295034584,29.8407910037,4.75779405669e-05,39,271,21.6147310875,5.31488682347,16.299844264,29.8300224659,-0.00721942759618,29.8834607126,0.0625468086883,29.8186736862,-0.0220697395067
7,5PN,29.8372418935,29.8209139039,29.8407434257,-354,271,66.2570644947,63.983740753,2.27332374165,29.8220161125,-0.0152257809976,29.7850069702,-0.0359069336455,29.8299757338,-0.0107676919009,0,,,,,-184,-184,0.000295508274232,-6.32271117855e-05,0.000358735386017,29.8373139327,7.20392152012e-05,29.8210097854,9.58814993588e-05,29.8408103403,6.69145787455e-05,39,271,16.1199394208,3.60387424127,12.5160651795,29.8308418758,-0.00640001767305,29.8668531111,0.0459392072163,29.823175519,-0.0175679067003
7,5QC,29.8372418935,29.8209139039,29.8407434257,167,167,0.000147754137116,0,0.000147754137116,29.8372270251,-1.48684101831e-05,29.8208298613,-8.40425362938e-05,29.8407434257,0,0,,,,,-354,269,-3.13209219858,-3.15406866464,0.0219764660618,29.9651450165,0.127903122986,29.9400956331,0.119181729237,29.9705234115,0.129779985788,-311,37,-2.4256427305,-2.97735679059,0.551714060095,29.9533974273,0.116155533812,29.8983133491,0.0773994452099,29.9652745329,0.124531107178
7,5QT,29.8372418935,29.8209139039,29.8407434257,-150,-150,0.000258569739953,-0.000466299949418,0.000724869689371,29.8372301663,-1.17272010058e-05,29.8207612081,-0.000152695795652,29.8407619989,1.85731447218e-05,0,,,,,-350,270,-3.35955969267,-3.37051087506,0.0109511823918,29.7874142462,-0.0498276472499,29.7874565472,-0.0334573566906,29.7874051955,-0.0533382302037,-313,37,-2.60202423168,-3.18032372281,0.578299491134,29.7936238633,-0.0436180301515,29.8115761984,-0.00933770550424,29.7897923905,-0.0509510352307
7,5TE,29.8372418935,29.8209139039,29.8407434257,-354,271,9.97048611111,9.66648488872,0.304001222391,30.0271371347,0.189895241238,29.987393761,0.166479857136,30.0356880891,0.19494466336,1,-354,271,30.0271371347,0.166479857136,9,9,-0.0109338061466,-0.00776112797167,-0.0031726781749,29.8469211337,0.0096792402252,29.8295446115,0.00863070762888,29.8506480703,0.00990464457062,43,271,2.35654920213,0.500628319423,1.8559208827,29.8528228214,0.0155809279134,29.8989508378,0.078036933915,29.8430165544,0.00227312867181
7,5SB,29.8372418935,29.8209139039,29.8407434257,-354,271,176.539404181,169.640974725,6.89842945648,28.6791474103,-1.15809448314,28.6204410568,-1.20047284711,28.6918119819,-1.14893144383,0,,,,,165,165,0,-3.16135558928e-05,3.16135558928e-05,29.8372523642,1.0470741941e-05,29.8209139039,0,29.8407561471,1.27213234293e-05,45,271,30.1432384013,7.78264297231,22.360595429,29.7975790846,-0.0396628088302,29.7702261335,-0.0506877704193,29.8034539777,-0.0372894480431
7,5Z0,29.8372418935,29.8209139039,29.8407434257,-354,271,1243.60528406,756.468036719,487.137247338,25.9767340757,-3.86050781779,24.9033169068,-4.91759699706,26.245418793,-3.59532463275,0,,,,,200,203,1.71291371158,0,1.71291371158,29.8348589905,-0.00238290297291,29.8074617816,-0.0134521222472,29.8407434257,0,-71,243,1085.5764997,530.327413695,555.249086009,26.6776867656,-3.15955512783,25.3222210729,-4.49869283096,27.0321399862,-2.80860343954
8,5L8,28.222646306,29.425052356,28.0035427011,-10,-10,0.00253028959811,-0.00221690060698,0.00474719020509,28.2227753956,0.000129089626107,29.4247389977,-0.000313358283002,28.0037400356,0.000197334559541,0,,,,,-308,240,-2.11792627069,-1.86985884547,-0.248067425213,28.3433055238,0.120659217815,29.5171222936,0.0920699375676,28.1286281848,0.125085483688,22,157,-0.0437259899527,-0.373753240389,0.330027250437,28.195702501,-0.0269438049468,29.4249518628,-0.000100493222494,27.9724734486,-0.0310692524436
8,5PD,28.222646306,29.425052356,28.0035427011,-277,337,91.5966404403,87.3932232391,4.20341720118,29.0169642526,0.794317946643,29.5655350642,0.140482708166,28.9080785469,0.904535845818,0,,,,,-308,-308,0,-0.000110647445625,0.000110647445625,28.2226535256,7.21967644779e-06,29.425052356,0,28.0035510343,8.33320378391e-06,-272,-4,59.5538471483,37.442117555,22.1117295933,28.4329403618,0.210294055873,29.4268119044,0.0017595484264,28.2469103776,0.243367676524
8,5PN,28.222646306,29.425052356,28.0035427011,-275,337,63.3206541814,54.5545432632,8.76611091829,29.063849352,0.841203046048,29.5906238893,0.165571533314,28.9589839752,0.955441274093,0,,,,,91,93,0.0065011820331,-0.000237101669196,0.00673828370229,28.2226221923,-2.41136323496e-05,29.4248794659,-0.000172890124531,28.0035415344,-1.16664725525e-06,-207,11,57.3740026596,38.6297025164,18.7443001431,28.6569926571,0.434346351095,29.5643186743,0.13926631829,28.4852396505,0.481696949394
8,5QC,28.222646306,29.425052356,28.0035427011,53,55,0.000147754137116,-0.0191894284269,0.019337182564,28.2301193149,0.00747300898312,29.4249983271,-5.40289032642e-05,28.0121778043,0.00863510321151,0,,,,,-308,240,-3.08044289303,-3.07159087317,-0.00885201985959,28.3078642056,0.0852178996412,29.5298438238,0.104791467792,28.0857495099,0.0822068087799,12,239,-0.343639184397,-1.00965003794,0.666010853539,28.226926936,0.00428063001227,29.4294168691,0.00436451314467,28.0078103935,0.00426769244767
8,5QT,28.222646306,29.425052356,28.0035427011,322,328,0.000147754137116,0,0.000147754137116,28.2226324442,-1.38617451348e-05,29.4249486211,-0.000103734900637,28.0035427011,0,0,,,,,-308,240,-3.26717641844,-3.07643367476,-0.19074274368,28.0917764965,-0.130869809502,29.3395161411,-0.0855362148845,27.8657227983,-0.137819902731,12,239,-0.347379210993,-0.946887250253,0.59950803926,28.1548329242,-0.0678133817162,29.4200672388,-0.00498511715907,27.9261194035,-0.0774232975917
8,5TE,28.222646306,29.425052356,28.0035427011,-277,337,9.59074874409,8.58327998546,1.00746875863,28.7921677162,0.569521410197,29.6846282133,0.25957585731,28.6229005525,0.619357851392,0,,,,,9,9,-0.00284426713948,-0.00218923874557,-0.000655028393906,28.2372692144,0.0146229084567,29.4325992301,0.00754687406882,28.0192580081,0.0157153070593,-207,10,8.65047835402,6.03261135875,2.61786699527,28.5512349443,0.328588638384,29.6630822485,0.238029892482,28.3462682853,0.342725584185
8,5SB,28.222646306,29.425052356,28.0035427011,-277,328,168.463421616,125.366418895,43.097002721,27.9727254037,-0.249920902262,28.434162096,-0.990890259984,27.8800559634,-0.123486737702,0,,,,,-168,-168,0.00938238770686,-0.000237101669196,0.00961948937605,28.2226912125,4.49065823531e-05,29.4253733015,0.000320945540437,28.0035450344,2.33329544486e-06,-276,11,161.558381353,107.648959124,53.9094222298,27.8122032002,-0.410443105721,28.4805860267,-0.94446632928,27.6816390949,-0.321903606215
8,5Z0,28.222646306,29.425052356,28.0035427011,-277,337,1443.34169068,1388.87852294,54.4631677411,24.3415940914,-3.88105221455,24.4978298455,-4.92722251048,24.3088834396,-3.69465926144,0,,,,,-230,-229,0.112367021277,-4.74203338392e-05,0.11241444161,28.2225004711,-0.000145834894465,29.4239611025,-0.00109125352346,28.0035427011,0,-277,33,1428.92007425,898.1291394,530.790934846,25.1619221724,-3.06072413356,24.5373556362,-4.88769671976,25.3080732366,-2.69546946447
9,5L8,30.7704275426,30.8364440497,30.7564320035,185,186,0.000923463356974,-0.00094050328781,0.00186396664478,30.770454802,2.72593913913e-05,30.8362571112,-0.00018693847024,30.7565042575,7.2254010945e-05,1,185,186,30.770454802,-0.00018693847024,-206,345,-2.38185209811,-2.46951267704,0.0876605789272,30.7973505941,0.0269230514905,30.8657189855,0.0292749358217,30.7828611923,0.0264291888548,-10,305,-2.03249667553,-2.31460427731,0.282107601782,30.7923272347,0.0218996921518,30.855784,0.0193399503276,30.7788695733,0.022437569859
9,5PD,30.7704275426,30.8364440497,30.7564320035,-340,339,89.3488475177,89.2943854325,0.054462085257,30.3817378742,-0.388689668345,30.4070511118,-0.429392937876,30.3763409481,-0.380091055366,1,-340,339,30.3817378742,-0.429392937876,343,343,0,-0.000142261001517,0.000142261001517,30.7704275426,0,30.8364440497,0,30.7564320035,0,-339,11,43.5415558511,34.2567099772,9.28484587383,30.657127624,-0.113299918545,30.6634284864,-0.173015563241,30.6557806744,-0.100651329042
9,5PN,30.7704275426,30.8364440497,30.7564320035,-340,339,62.4218657654,63.6318384073,-1.20997264194,30.3304356207,-0.439991921838,30.356042095,-0.480401954642,30.3249763982,-0.431455605305,1,-340,339,30.3304356207,-0.480401954642,343,344,0,-0.000142261001517,0.000142261001517,30.7704275426,0,30.8364440497,0,30.7564320035,0,-336,-2,15.6999482861,9.65450335104,6.04544493502,30.5813320053,-0.189095537262,30.6181840873,-0.218259962398,30.5734875617,-0.182944441765
9,5QC,30.7704275426,30.8364440497,30.7564320035,167,167,0.000203161938534,-0.000501865199798,0.000705027138332,30.770356669,-7.08736168953e-05,30.8363214171,-0.000122632544386,30.7563720022,-6.00013302616e-05,1,167,167,30.770356669,-0.000122632544386,-205,345,-3.0444278221,-3.0975851195,0.0531572973952,30.8586700391,0.088242496502,30.8992237519,0.0627797022397,30.8500421065,0.0936101029863,-1,283,-2.25749852246,-2.59009073091,0.332592208447,30.842645254,0.072217711397,30.8782762181,0.0418321684206,30.8350594503,0.0786274468466
9,5QT,30.7704275426,30.8364440497,30.7564320035,302,302,0.000147754137116,-0.000790338897319,0.000938093034435,30.7704015814,-2.59611660667e-05,30.8364440497,0,30.7564005891,-3.1414412426e-05,1,302,302,30.7704015814,0,-206,352,-3.28660608747,-3.34039105969,0.0537849722159,30.785660245,0.0152327024753,30.8484458752,0.0120018255409,30.7723436726,0.0159116690757,-1,290,-2.43715831856,-2.79787280286,0.3607144843,30.7782645204,0.00783697787151,30.8380161467,0.00157209699253,30.7655860986,0.00915409514998
9,5TE,30.7704275426,30.8364440497,30.7564320035,-339,340,9.94340093085,10.0112247882,-0.0678238573381,30.781580783,0.0111532404315,30.839804332,0.00336028237147,30.7692239704,0.0127919669147,1,-339,340,30.781580783,0.00336028237147,9,9,-0.00186539598109,-0.00187705488113,1.16589000456e-05,30.772787022,0.0023594794242,30.8372906078,0.000846558114258,30.7591093462,0.0026773427147,-336,-2,2.38610926418,1.42826291414,0.957846350047,30.7834523392,0.0130247966426,30.8566057892,0.0201617395259,30.7679591408,0.0115271373306
9,5SB,30.7704275426,30.8364440497,30.7564320035,-340,339,197.084127512,199.123818443,-2.03969093153,29.055116124,-1.71531141854,29.0853428067,-1.75110124298,29.0486760378,-1.7077559657,0,,,,,343,344,0,-7.90338897319e-05,7.90338897319e-05,30.7704275426,0,30.8364440497,0,30.7564320035,0,-336,-2,57.2021553635,40.9686492318,16.2335061317,30.2028608492,-0.567566693409,30.1823649309,-0.654079118798,30.2072587573,-0.549173246176
9,5Z0,30.7704275426,30.8364440497,30.7564320035,-340,339,1146.32964871,1184.5510223,-38.2213735888,25.4442134383,-5.32621410425,25.5178035487,-5.31864050098,25.4286287051,-5.3278032984,0,,,,,-340,-205,8.09655732861,0,8.09655732861,30.7576332353,-0.0127943072868,30.7632519126,-0.0731921371071,30.7564320035,0,-340,25,357.250969637,199.375946431,157.875023206,28.9788337213,-1.79159382127,28.2925664795,-2.54387757015,29.140891459,-1.61554054446
10,5L8,29.8768949241,29.7619155745,29.9018963437,-103,-101,0.000757239952719,-0.00180592438037,0.00256316433309,29.877006088,0.000111163838298,29.7613994653,-0.000516109240124,29.9021461278,0.000249784101367,0,,,,,-365,365,-2.2409500591,-2.32150196004,0.0805519009388,29.9690567265,0.0921618024155,29.8482761293,0.0863605547758,29.9953410893,0.0934447455882,2,277,-0.822371823286,-1.14922191136,0.32685008807,29.8812556938,0.00436076970322,29.7659461381,0.00403056360063,29.9063300821,0.0044337384738
10,5PD,29.8768949241,29.7619155745,29.9018963437,-343,348,89.2361203457,91.1451042457,-1.90898389996,29.8700625448,-0.00683237935745,29.7717356623,0.00982008775532,29.8913928794,-0.0105034643142,0,,,,,-202,-201,0.0124852245863,-0.000142261001517,0.0126274855878,29.876874002,-2.09221533041e-05,29.7617357467,-0.00017982782861,29.9019105356,1.41918935483e-05,-52,-15,33.9179133422,22.0957120163,11.8222013259,29.9058833281,0.0289884040157,29.7898875267,0.0279719521872,29.9311093843,0.029213040675
10,5PN,29.8768949241,29.7619155745,29.9018963437,-351,348,65.801815529,64.0906775575,1.71113797142,29.9019201016,0.0250251774468,29.783371948,0.0214563734282,29.9277105127,0.0258141690398,0,,,,,317,317,0,-0.000316135558928,0.000316135558928,29.8768959808,1.05667708183e-06,29.7619155745,0,29.9018976338,1.29017022488e-06,-145,12,58.0833518026,47.9633085167,10.1200432859,29.9932535252,0.11635860103,29.8283492237,0.0664336491294,30.029364673,0.127468329306
10,5QC,29.8768949241,29.7619155745,29.9018963437,209,212,7.38770685579e-05,-0.00214972180071,0.00222359886927,29.8771060533,0.000211129187374,29.7619155745,0,29.9021541273,0.000257783623017,0,,,,,-365,365,-3.09188460402,-3.14008361786,0.0481990138364,30.0038910189,0.126996094766,29.9036559631,0.141740388603,30.025641145,0.123744801299,2,277,-1.07597333038,-1.47905009168,0.403076761301,29.9084756184,0.0315806942462,29.7899639208,0.0280483462385,29.9342579658,0.0323616221371
10,5QT,29.8768949241,29.7619155745,29.9018963437,-122,-122,0.000313977541371,-0.000478155032878,0.000792132574249,29.8769082383,1.33141500349e-05,29.7617392498,-0.000176324760208,29.9019515633,5.52196284502e-05,0,,,,,-365,364,-3.33500480201,-3.36937871459,0.0343739125834,29.8220495017,-0.0548454224612,29.6923587834,-0.069556791172,29.8503084142,-0.0515879294258,2,277,-1.1368572695,-1.56832479767,0.43146752817,29.8698038626,-0.00709106154777,29.7577440853,-0.00417148924174,29.8941604112,-0.00773593247202
10,5TE,29.8768949241,29.7619155745,29.9018963437,-351,348,10.4615654551,9.68816783637,0.773397618715,30.0456496244,0.168754700263,29.9447773648,0.18286179029,30.0675399832,0.165643639547,1,-351,348,30.0456496244,0.18286179029,9,9,-0.00765551122931,-0.00719801150733,-0.00045749972198,29.8846267451,0.00773182100946,29.7688995855,0.00698401097909,29.9097934251,0.00789708137729,-146,12,9.06391289894,7.04066886381,2.02324403513,30.0347663687,0.157871444562,29.9411797974,0.179264222847,30.0550548245,0.153158480851
10,5SB,29.8768949241,29.7619155745,29.9018963437,-351,348,164.916084885,171.348822,-6.43273711512,28.5921305741,-1.28476435005,28.5082648492,-1.25365072538,28.6102868065,-1.29160953721,0,,,,,330,330,0,-0.000142261001517,0.000142261001517,29.8768949241,0,29.7619155745,0,29.9018963437,0,-351,3,122.648419031,110.014558042,12.6338609882,28.9791444491,-0.897750475057,28.8156225157,-0.946293058846,29.0149458733,-0.886950470416
10,5Z0,29.8768949241,29.7619155745,29.9018963437,-351,348,1349.31849328,1349.5060046,-0.187511322586,24.8308843072,-5.04601061692,24.8223059349,-4.93960963961,24.8327219431,-5.06917440062,0,,,,,280,280,0.292036052009,-0.000126454223571,0.292162506233,29.8766020232,-0.000292900974515,29.7602973921,-0.00161818246038,29.9018963437,0,-53,-14,881.056645242,552.784936931,328.271708311,27.0758525603,-2.80104236384,26.1820504013,-3.57986517329,27.2935589826,-2.60833736107
