node_id,node_name,attack_unit,local_mse,output_mse,roi_mse,non_roi_mse,sensitivity,roi_sensitivity,roi_to_non_roi_ratio,local_sample_count
0,ADD_00_S0,5L8,1.46861328125,0.908846354167,0.909969710402,0.908606000253,0.786668044664,0.787154064961,1.00150088173,768000
0,ADD_00_S0,5PD,76.3637304688,11.3011155599,11.4822731974,11.2623549728,0.38469548558,0.38776657424,1.01952684187,768000
0,ADD_00_S0,5PN,83.7558658854,11.9878141276,11.6579565603,12.0583906329,0.378322685529,0.373081401854,0.966792079904,768000
0,ADD_00_S0,5QC,0.443381510417,0.566835286458,0.596513002364,0.560485426151,1.1306798425,1.15990165477,1.06427923819,768000
0,ADD_00_S0,5QT,0.3242890625,0.356397786458,0.356713578605,0.356330219398,1.04833804849,1.04880239428,1.00107585376,768000
0,ADD_00_S0,5TE,19.3176067708,3.94948567708,3.95373448582,3.94857659965,0.452161531267,0.452404680832,1.00130626469,768000
0,ADD_00_S0,5SB,367.014292969,45.6627757161,44.1551787825,45.9853419796,0.352727779922,0.346856098626,0.960201161537,768000
0,ADD_00_S0,5Z0,1148.51384245,134.654409505,129.674562278,135.719900338,0.34240663601,0.336015474509,0.955457246544,768000
1,ADD_01_S1,5L8,1.45661979167,0.902206380208,0.897501108156,0.903213122787,0.78700926251,0.784954337174,0.993675894993,768000
1,ADD_01_S1,5PD,76.0816770833,11.2833330078,11.510835919,11.2346563606,0.385104562786,0.388967569373,1.02458282207,768000
1,ADD_01_S1,5PN,84.2325742188,11.8939287109,11.5206080083,11.9738046124,0.375770453498,0.369826189939,0.962150993873,768000
1,ADD_01_S1,5QC,0.447265625,0.576565755208,0.603339243499,0.570837285028,1.1353811023,1.16144333612,1.05693734331,768000
1,ADD_01_S1,5QT,0.31896875,0.345510091146,0.345949689716,0.345416034396,1.04077367752,1.04143556439,1.00154496395,768000
1,ADD_01_S1,5TE,19.2271679687,3.926296875,3.91229868499,3.92929193538,0.451891223863,0.451084954289,0.995675238523,768000
1,ADD_01_S1,5SB,370.952242188,46.0736370443,44.4495770538,46.421121807,0.35242543797,0.3461583533,0.957529144568,768000
1,ADD_01_S1,5Z0,1150.41866667,132.635046549,128.873066268,133.439961906,0.339548008101,0.334698002846,0.965775652415,768000
2,ADD_02_S2,5L8,1.47267838542,0.915815429687,0.914755097518,0.916042298938,0.78858774158,0.788131095464,0.998594823162,768000
2,ADD_02_S2,5PD,75.6854140625,11.181984375,11.5663009752,11.0997557853,0.384373417348,0.390922933428,1.04203202295,768000
2,ADD_02_S2,5PN,84.9965638021,12.1117773437,12.0047022754,12.1346871839,0.377488090853,0.375815780832,0.989288153334,768000
2,ADD_02_S2,5QC,0.454477864583,0.589730794271,0.605038416076,0.586455567147,1.13912277561,1.15381214862,1.03168671246,768000
2,ADD_02_S2,5QT,0.319279947917,0.341317708333,0.343085106383,0.340939554881,1.03393583698,1.03660932363,1.00629305538,768000
2,ADD_02_S2,5TE,19.4357473958,3.99592610677,4.02894688239,3.98886096358,0.453427755932,0.455297376533,1.01004946504,768000
2,ADD_02_S2,5SB,378.116901042,47.000733724,46.792715721,47.0452413695,0.352565062764,0.351783998276,0.994632280734,768000
2,ADD_02_S2,5Z0,1154.58810937,133.300151367,129.819882166,134.044791667,0.339783105244,0.335318152772,0.968481360237,768000
3,ADD_03_S3,5L8,1.45459895833,0.901061197917,0.901713947991,0.900921535154,0.787055771569,0.787340800879,1.0008795581,768000
3,ADD_03_S3,5PD,73.8404231771,10.5454788411,10.8920563682,10.4713249241,0.377907981008,0.384067759245,1.04017938963,768000
3,ADD_03_S3,5PN,90.3621914063,13.1450611979,13.055845523,13.1641498324,0.381406358401,0.380109850228,0.9917727836,768000
3,ADD_03_S3,5QC,0.449440104167,0.580612630208,0.613877807329,0.57349519474,1.13659915334,1.16870541252,1.07041491011,768000
3,ADD_03_S3,5QT,0.318234375,0.350008463542,0.34843195922,0.350345773268,1.04873491831,1.04637040253,0.994537356535,768000
3,ADD_03_S3,5TE,20.1908033854,4.09081510417,4.12453826832,4.08359967754,0.450119808606,0.451971311133,1.01002512342,768000
3,ADD_03_S3,5SB,406.508513021,52.7178632812,52.9076573582,52.6772548369,0.360117376226,0.360765038467,1.00437385209,768000
3,ADD_03_S3,5Z0,1170.48670573,133.838256185,130.325989953,134.589742587,0.338148053668,0.333681610969,0.968320374555,768000
4,ADD_04_D0,5L8,1.56935286458,1.42972363281,1.47021091903,1.42106095094,0.954477611146,0.967897837841,1.0345868121,768000
4,ADD_04_D0,5PD,85.2518932292,13.3346539714,13.2740691489,13.3476167331,0.395493052719,0.39459358602,0.994489833984,768000
4,ADD_04_D0,5PN,85.607796875,12.5273834635,12.2603667996,12.5845144948,0.382537068494,0.378438289979,0.974242336063,768000
4,ADD_04_D0,5QC,0.443381510417,0.950972005208,0.990401521868,0.942535644284,1.4645192243,1.49457206377,1.05078415641,768000
4,ADD_04_D0,5QT,0.3242890625,0.483003255208,0.501542183806,0.479036655918,1.22041876942,1.24361967047,1.04698080535,768000
4,ADD_04_D0,5TE,18.4030559896,4.44690234375,4.43543328901,4.44935626897,0.491568247752,0.490933933959,0.99687078779,768000
4,ADD_04_D0,5SB,271.091436198,35.298375,35.0036846188,35.3614271149,0.360843974017,0.359334554389,0.989883256267,768000
4,ADD_04_D0,5Z0,1113.97802214,146.205552083,151.519983747,145.068473381,0.362279384484,0.368804869162,1.04447217383,768000
5,ADD_05_D1,5L8,1.55887760417,1.60618326823,1.59819001182,1.60789350974,1.01505959288,1.01253069364,0.993965086706,768000
5,ADD_05_D1,5PD,85.4558697917,13.4239020182,13.3794252364,13.4334182948,0.39634048577,0.395683352881,0.995980691052,768000
5,ADD_05_D1,5PN,86.3776210937,12.7165029297,12.6131870567,12.7386084503,0.383692427663,0.382130584581,0.990154231205,768000
5,ADD_05_D1,5QC,0.447265625,0.882617513021,0.919311465721,0.874766454856,1.40476445471,1.43366795357,1.05092217542,768000
5,ADD_05_D1,5QT,0.31896875,0.437782877604,0.445687426123,0.436091616085,1.17153513422,1.18206435838,1.02200411492,768000
5,ADD_05_D1,5TE,18.3901692708,4.57136979167,4.58308953901,4.56886222812,0.498574788504,0.499213484402,1.0031139724,768000
5,ADD_05_D1,5SB,268.60772526,34.0665439453,34.0772033836,34.0642632461,0.356126907794,0.356182619578,1.00037987428,768000
5,ADD_05_D1,5Z0,1112.45585547,140.876115885,145.456617538,139.896069249,0.355858457077,0.361597441519,1.03974770927,768000
6,ADD_06_D2,5L8,1.57244661458,1.54387858073,1.54217272459,1.54424356664,0.990874417916,0.990326850122,0.998658992596,768000
6,ADD_06_D2,5PD,86.6413385417,13.5511910807,13.6601119238,13.5278863177,0.395481486606,0.397067692722,1.00977429903,768000
6,ADD_06_D2,5PN,86.6130768229,13.1653815104,13.2319703014,13.1511341363,0.389874643857,0.39085936795,1.00614670676,768000
6,ADD_06_D2,5QC,0.454477864583,0.857134765625,0.885200576241,0.851129789454,1.37330875087,1.39561129662,1.04003007204,768000
6,ADD_06_D2,5QT,0.319279947917,0.401187174479,0.413911052009,0.398464766692,1.12095376076,1.13859085016,1.03876449465,768000
6,ADD_06_D2,5TE,18.301015625,4.41704622396,4.49050679669,4.40132855969,0.491279198859,0.495347622792,1.02026166322,768000
6,ADD_06_D2,5SB,258.678919271,33.1542552083,33.5449024823,33.0706721042,0.358005022255,0.360107982044,1.01433990747,768000
6,ADD_06_D2,5Z0,1109.99393099,142.54514388,149.422401374,141.07368211,0.358357015678,0.366899866494,1.05917984942,768000
7,ADD_07_D3,5L8,1.55754557292,3.31480859375,3.21851359338,3.33541192463,1.45884397697,1.43749814353,0.964952355543,768000
7,ADD_07_D3,5PD,89.7726171875,18.0599703776,17.9723127216,18.0787256576,0.448524915993,0.447435089546,0.994113913893,768000
7,ADD_07_D3,5PN,85.3009388021,17.2779404297,17.159349143,17.3033142862,0.450058616382,0.448511414303,0.991679909365,768000
7,ADD_07_D3,5QC,0.449440104167,1.72947623698,1.81076019504,1.71208467691,1.96164939353,2.00721807098,1.05763471834,768000
7,ADD_07_D3,5QT,0.318234375,0.508405598958,0.540333185579,0.501574355083,1.26395501573,1.30303858483,1.07727434647,768000
7,ADD_07_D3,5TE,17.7714856771,7.82213411458,7.84240543735,7.81779685129,0.663438638323,0.664297743818,1.00314776484,768000
7,ADD_07_D3,5SB,226.9850625,34.0355888672,33.8184840426,34.0820407341,0.387229107764,0.385992111372,0.992266992063,768000
7,ADD_07_D3,5Z0,1095.72256901,151.169950195,156.709829344,149.984634626,0.371434663827,0.378179353691,1.04483922459,768000
8,ADD_08_X0_ACC1,5L8,1.68278125,0.787205078125,0.7703125,0.790819423369,0.683959067175,0.676580755209,0.974068766189,768000
8,ADD_08_X0_ACC1,5PD,65.1447460938,17.2004342448,17.8112551714,17.0697426657,0.513842483206,0.522886663333,1.04344016897,768000
8,ADD_08_X0_ACC1,5PN,110.988817708,28.6480960286,28.2252290189,28.7385728851,0.508052121606,0.504288569912,0.982137461446,768000
8,ADD_08_X0_ACC1,5QC,0.38079296875,0.395094401042,0.415582520686,0.39071075177,1.01860540728,1.04468215473,1.06365775398,768000
8,ADD_08_X0_ACC1,5QT,0.372881510417,0.354319335937,0.349113475177,0.35543318475,0.974792102764,0.967604504618,0.982219697416,768000
8,ADD_08_X0_ACC1,5TE,25.1546575521,6.8096077474,6.74423204787,6.82359556778,0.520297624845,0.517794040453,0.988369252087,768000
8,ADD_08_X0_ACC1,5SB,506.403796875,125.369588542,121.363591534,126.22671385,0.497562479813,0.489548510408,0.961473113195,768000
8,ADD_08_X0_ACC1,5Z0,1053.27496354,229.955003581,198.928745567,236.593398694,0.467251335508,0.434588161316,0.840804294055,768000
9,ADD_09_X0_ACC2,5L8,1.58706119792,0.775722005208,0.766216016548,0.777755911735,0.69912723202,0.694830343744,0.98516257477,768000
9,ADD_09_X0_ACC2,5PD,55.9616263021,14.7611871745,15.1139904699,14.6857011887,0.51358872398,0.519690057907,1.02916369302,768000
9,ADD_09_X0_ACC2,5PN,96.0138841146,24.8219322917,24.6021627512,24.8689543026,0.508452952892,0.506197066662,0.989272104159,768000
9,ADD_09_X0_ACC2,5QC,0.454317708333,0.442192382813,0.440351654846,0.442586225974,0.986565208949,0.98450966473,0.994951105576,768000
9,ADD_09_X0_ACC2,5QT,0.36316015625,0.356006835937,0.351658540189,0.356937199671,0.990102304803,0.984037133718,0.985211237473,768000
9,ADD_09_X0_ACC2,5TE,22.9665429688,6.27089355469,6.24817338948,6.27575477365,0.52253682295,0.521589358615,0.995605088924,768000
9,ADD_09_X0_ACC2,5SB,478.968028646,119.309528971,118.665996232,119.447219588,0.499096245737,0.497748411029,0.993459677352,768000
9,ADD_09_X0_ACC2,5Z0,1022.98604297,222.607978516,195.925644577,228.316945261,0.466482664099,0.437633730628,0.858130106608,768000
10,ADD_10_X0_ACC3,5L8,1.65149088542,0.792045247396,0.775086805556,0.795673684876,0.692527311607,0.685073362581,0.974126479595,768000
10,ADD_10_X0_ACC3,5PD,70.7088476563,18.4975501302,18.8014387559,18.4325299538,0.511470072084,0.515654322246,1.02001400801,768000
10,ADD_10_X0_ACC3,5PN,89.8921223958,23.694766276,23.5514147459,23.7254378477,0.51341126958,0.511855863962,0.992665125803,768000
10,ADD_10_X0_ACC3,5QC,0.382514322917,0.395595703125,0.410845153664,0.392332922357,1.01695545932,1.03637095577,1.04718500603,768000
10,ADD_10_X0_ACC3,5QT,0.361440104167,0.360933268229,0.354918365839,0.36222022003,0.99929861997,0.990937051715,0.979841395405,768000
10,ADD_10_X0_ACC3,5TE,21.2720963542,5.92477083333,5.87479868499,5.93546290149,0.527752905089,0.525522540974,0.989779362198,768000
10,ADD_10_X0_ACC3,5SB,405.331760417,101.650616536,99.5952552453,102.090382761,0.500783130945,0.495694393657,0.975559622284,768000
10,ADD_10_X0_ACC3,5Z0,1034.5321901,224.499244466,200.50617797,229.632814081,0.46583856321,0.440242407738,0.873159956571,768000
11,ADD_11_X1_ACC1,5L8,1.83362109375,0.889778320313,0.925783096927,0.882074718639,0.696604237096,0.710558477642,1.04955178667,768000
11,ADD_11_X1_ACC1,5PD,46.1688177083,12.2874983724,12.961517435,12.1432848856,0.515890297468,0.529850742848,1.06738148344,768000
11,ADD_11_X1_ACC1,5PN,128.567421875,32.9902949219,31.16252401,33.3813657846,0.506556195477,0.49232381637,0.933530527513,768000
11,ADD_11_X1_ACC1,5QC,0.384712239583,0.620691731771,0.647211140662,0.615017624557,1.27019377005,1.29704484026,1.05234568054,768000
11,ADD_11_X1_ACC1,5QT,0.438412760417,0.501180664062,0.500131131797,0.501405222559,1.06919165516,1.06807156083,0.997458959926,768000
11,ADD_11_X1_ACC1,5TE,29.8429635417,8.35910872396,7.91091348995,8.45500482107,0.529247740789,0.514863783111,0.935648607821,768000
11,ADD_11_X1_ACC1,5SB,591.590278646,139.601067383,133.961013224,140.807816452,0.485773539861,0.475859449062,0.951374835572,768000
11,ADD_11_X1_ACC1,5Z0,190.934894531,47.5995445964,54.8613345892,46.0458080425,0.499296757863,0.536031770897,1.19145122915,768000
12,ADD_12_X1_ACC2,5L8,1.80926953125,1.01000065104,1.03803191489,1.00400306651,0.747152393541,0.757449561295,1.03389317176,768000
12,ADD_12_X1_ACC2,5PD,53.8458190104,12.8778896484,13.6144799054,12.7202883947,0.489042222061,0.502833882478,1.07029648095,768000
12,ADD_12_X1_ACC2,5PN,124.422175781,34.105452474,32.2726451684,34.4976009263,0.523555844494,0.509293795861,0.935504043815,768000
12,ADD_12_X1_ACC2,5QC,0.385388020833,0.589810221354,0.603932106974,0.586788694992,1.23710636588,1.25182884297,1.02921564803,768000
12,ADD_12_X1_ACC2,5QT,0.420403645833,0.330708333333,0.321477910757,0.33268327959,0.886929974481,0.874464798708,0.966318208572,768000
12,ADD_12_X1_ACC2,5TE,26.4117773437,7.4344593099,6.97458259456,7.53285478313,0.530549464712,0.513878321748,0.925888364419,768000
12,ADD_12_X1_ACC2,5SB,525.872084635,127.337080078,121.317204122,128.625096026,0.492081893111,0.480309457113,0.943184556283,768000
12,ADD_12_X1_ACC2,5Z0,150.394852865,33.1700970052,35.9419880319,32.5770216869,0.469631137959,0.488860064849,1.10329263299,768000
13,ADD_13_X1_ACC3,5L8,3.55046223958,1.27059602865,1.23503065898,1.27820561457,0.598220508592,0.589788663185,0.9662222141,768000
13,ADD_13_X1_ACC3,5PD,63.8981080729,15.9708691406,16.5501274379,15.8469307189,0.499942751247,0.508928381998,1.04437431649,768000
13,ADD_13_X1_ACC3,5PN,87.1044570313,22.0032906901,21.4433399823,22.1230980494,0.502601325048,0.496164887227,0.9692738302,768000
13,ADD_13_X1_ACC3,5QC,8.68789322917,2.5826110026,2.48311539598,2.60389913695,0.545220605778,0.534615091106,0.953614278197,768000
13,ADD_13_X1_ACC3,5QT,7.05112369792,2.10875227865,2.05945626478,2.1192996807,0.546869390537,0.54043954541,0.971762645711,768000
13,ADD_13_X1_ACC3,5TE,11.0406145833,3.16786425781,3.08206818853,3.18622123166,0.535656842862,0.528353388196,0.967311421412,768000
13,ADD_13_X1_ACC3,5SB,386.722304688,95.1654303385,90.738809471,96.1125525575,0.496066611607,0.484391961938,0.944089060757,768000
13,ADD_13_X1_ACC3,5Z0,172.299434896,42.2844277344,43.5006501182,42.0242041287,0.495391216561,0.502465152222,1.03513322905,768000
14,ADD_14_X2_ACC1,5L8,1.59467708333,0.786200846354,0.787210032506,0.785984920334,0.702150770787,0.702601274999,1.00155869679,768000
14,ADD_14_X2_ACC1,5PD,68.7765911458,17.7788844401,17.5907062648,17.8191471453,0.50843089208,0.505733025604,0.987180032879,768000
14,ADD_14_X2_ACC1,5PN,104.810516927,25.9927988281,25.4025506058,26.1190886602,0.497993978274,0.492307249604,0.972566498634,768000
14,ADD_14_X2_ACC1,5QC,0.41675390625,0.442202799479,0.452918144208,0.439910138467,1.0300798796,1.04248549264,1.02956968845,768000
14,ADD_14_X2_ACC1,5QT,0.392653645833,0.344144856771,0.346719858156,0.343593908068,0.936193937777,0.939689861112,1.00909780416,768000
14,ADD_14_X2_ACC1,5TE,23.8179947917,6.39427864583,6.36016917849,6.4015767261,0.518135299512,0.516751488127,0.993531664247,768000
14,ADD_14_X2_ACC1,5SB,485.146847656,116.339534505,116.028769577,116.406025939,0.489696560869,0.489042087397,0.996759133744,768000
14,ADD_14_X2_ACC1,5Z0,460.906220052,114.022692057,98.2897606383,117.388918658,0.497381194125,0.461793540931,0.837300162244,768000
15,ADD_15_X2_ACC2,5L8,1.70584114583,0.835513020833,0.85431626773,0.831489867855,0.699853789312,0.707685089351,1.02745240893,768000
15,ADD_15_X2_ACC2,5PD,81.6218684896,21.0025227865,20.8458388741,21.0360469619,0.507262159306,0.505366467756,0.990957992813,768000
15,ADD_15_X2_ACC2,5PN,102.875105469,25.9969807943,25.6304373522,26.0754066294,0.502697019083,0.499140559789,0.982935289047,768000
15,ADD_15_X2_ACC2,5QC,0.4191484375,0.446203125,0.448998965721,0.445604925392,1.03176876923,1.03499617439,1.0076167029,768000
15,ADD_15_X2_ACC2,5QT,0.385473958333,0.342646484375,0.343251329787,0.34251707132,0.94281312196,0.943644889953,1.00214371349,768000
15,ADD_15_X2_ACC2,5TE,21.8535742188,5.93901888021,5.95031213061,5.93660257018,0.521310070179,0.521805479372,1.00230932764,768000
15,ADD_15_X2_ACC2,5SB,397.164338542,96.6216640625,93.2805426271,97.33653223,0.493233008785,0.484630127295,0.958330243435,768000
15,ADD_15_X2_ACC2,5Z0,630.140867188,157.534299154,163.246533319,156.312106411,0.499998543747,0.508982863347,1.04436269888,768000
16,ADD_16_X2_ACC3,5L8,1.77334635417,0.90083203125,0.905341312057,0.899867223065,0.712730143627,0.714511767913,1.00608321856,768000
16,ADD_16_X2_ACC3,5PD,83.6615598958,21.3468291016,21.3192468233,21.3527306209,0.505130634317,0.504804188708,0.998431872804,768000
16,ADD_16_X2_ACC3,5PN,95.3289309896,23.7503837891,23.9456357122,23.7086075809,0.49914066639,0.501188184739,1.00999755597,768000
16,ADD_16_X2_ACC3,5QC,0.399438802083,0.4558125,0.473219562648,0.452088075367,1.06823791948,1.08844432566,1.04674197005,768000
16,ADD_16_X2_ACC3,5QT,0.38754296875,0.352269205729,0.352412086288,0.352238634927,0.953404964834,0.953598295988,1.00049242571,768000
16,ADD_16_X2_ACC3,5TE,20.7153997396,5.75601074219,5.80049682329,5.74649247597,0.527125636942,0.529158695992,1.0093977931,768000
16,ADD_16_X2_ACC3,5SB,294.645623698,70.9888678385,71.4759751773,70.8846460862,0.490845854495,0.492527004476,1.00834213223,768000
16,ADD_16_X2_ACC3,5Z0,1135.06240104,296.704597656,300.425600251,295.908449908,0.511272306096,0.514468276116,1.01526536449,768000
17,ADD_17_X3_ACC1,5L8,2.11788151042,1.05454459635,1.10117095154,1.04456839593,0.705637489018,0.721068533186,1.05418750541,768000
17,ADD_17_X3_ACC1,5PD,82.6023515625,21.5511966146,22.9588726359,21.2500094841,0.510786592343,0.527204457814,1.08041705361,768000
17,ADD_17_X3_ACC1,5PN,156.229769531,39.1113925781,38.0724826389,39.3336783163,0.500345206793,0.493655184675,0.967935984343,768000
17,ADD_17_X3_ACC1,5QC,0.363765625,0.6000625,0.623840130024,0.594975025291,1.2843619034,1.30956128004,1.04851481744,768000
17,ADD_17_X3_ACC1,5QT,0.475322916667,0.522165690104,0.527127659574,0.521104024406,1.04811705875,1.05308524041,1.01155937181,768000
17,ADD_17_X3_ACC1,5TE,29.2227890625,7.70850065104,7.43925273345,7.76610908257,0.513598947521,0.504549552127,0.957912469984,768000
17,ADD_17_X3_ACC1,5SB,472.320708333,113.411756185,107.592229979,114.656905191,0.49001631974,0.477278598661,0.938384215064,768000
17,ADD_17_X3_ACC1,5Z0,133.810523437,34.1084970703,35.939391253,33.7167579508,0.504877663043,0.518251089251,1.06592073014,768000
18,ADD_18_X3_ACC2,5L8,1.89194921875,1.02724348958,1.0779864805,1.01638649153,0.736854874798,0.75483480909,1.06060685525,768000
18,ADD_18_X3_ACC2,5PD,71.1651223958,15.3397835286,16.4132129137,15.110111991,0.464275765979,0.480245386305,1.08624032194,768000
18,ADD_18_X3_ACC2,5PN,117.864421875,31.7592978516,30.7476710254,31.9757460799,0.519091695439,0.510757494342,0.96159354495,768000
18,ADD_18_X3_ACC2,5QC,0.400217447917,0.622389973958,0.647674719267,0.616980036039,1.24704832934,1.27212698046,1.04974988076,768000
18,ADD_18_X3_ACC2,5QT,0.43948046875,0.326685221354,0.320526743499,0.32800289264,0.862174064704,0.854008800467,0.977207063382,768000
18,ADD_18_X3_ACC2,5TE,26.9912773437,7.25900292969,6.97083518026,7.32065945878,0.518593139275,0.508195351598,0.952214103048,768000
18,ADD_18_X3_ACC2,5SB,440.759798177,109.313325521,102.906035757,110.684232739,0.498007135614,0.483191667444,0.929726242031,768000
18,ADD_18_X3_ACC2,5Z0,205.563160156,46.5649361979,52.0116910461,45.3995455551,0.475945103681,0.503011419105,1.14564342903,768000
19,ADD_19_X3_ACC3,5L8,3.49191015625,1.29205175781,1.26424165189,1.29800202327,0.608286845928,0.601704856359,0.973990509435,768000
19,ADD_19_X3_ACC3,5PD,52.0045885417,13.2927216797,14.0241060875,13.1362342723,0.505575620488,0.519298133818,1.06758952351,768000
19,ADD_19_X3_ACC3,5PN,87.6711875,21.7910813802,21.3398012707,21.887637519,0.498552555544,0.493363186938,0.974970517133,768000
19,ADD_19_X3_ACC3,5QC,7.73257161458,2.36963411458,2.27281323877,2.39034996206,0.553577807594,0.542150546353,0.950828654733,768000
19,ADD_19_X3_ACC3,5QT,6.08355208333,1.85221451823,1.83291223404,1.8563444455,0.551781361855,0.548898722135,0.987377228664,768000
19,ADD_19_X3_ACC3,5TE,12.9536002604,3.72796028646,3.74094082447,3.72518296345,0.536463764919,0.537396920933,1.00423009049,768000
19,ADD_19_X3_ACC3,5SB,475.322160156,115.12753776,110.430860298,116.132441436,0.492147832975,0.482004615241,0.950904492604,768000
19,ADD_19_X3_ACC3,5Z0,152.007371094,37.2043343099,39.8311373375,36.6423020991,0.494725669656,0.511892810136,1.08702606156,768000
20,ADD_20_X4_ACC1,5L8,1.68529947917,0.910295247396,0.923252807329,0.907522840794,0.734941200396,0.740153462518,1.01733286021,768000
20,ADD_20_X4_ACC1,5PD,88.1436393229,23.1876311849,23.1321014332,23.1995123609,0.512900004688,0.512285489953,0.99709429549,768000
20,ADD_20_X4_ACC1,5PN,93.0194231771,22.2264580078,22.0518672429,22.2638135432,0.488819259328,0.486895615339,0.990480233769,768000
20,ADD_20_X4_ACC1,5QC,0.38079296875,0.453306640625,0.478599660165,0.447894932347,1.09106740151,1.12109323683,1.06855341644,768000
20,ADD_20_X4_ACC1,5QT,0.372881510417,0.357258789063,0.355972960993,0.357533905539,0.978827216204,0.97706415527,0.995634135609,768000
20,ADD_20_X4_ACC1,5TE,20.2324778646,5.38651855469,5.41208628842,5.38104806841,0.515976049559,0.517199169874,1.00576806221,768000
20,ADD_20_X4_ACC1,5SB,257.450901042,56.9974316406,56.7278184102,57.0551182347,0.470522542534,0.469408374102,0.994263444987,768000
20,ADD_20_X4_ACC1,5Z0,1163.95810677,302.672133789,291.976067524,304.96066997,0.509938197503,0.500846857007,0.957422042495,768000
21,ADD_21_X4_ACC2,5L8,1.65308463542,0.885736002604,0.901965130024,0.882263609636,0.731989083465,0.738664673289,1.02233065058,768000
21,ADD_21_X4_ACC2,5PD,57.6142851562,14.9884241536,15.2225158836,14.9383377592,0.510050172052,0.514017765135,1.01902341003,768000
21,ADD_21_X4_ACC2,5PN,87.7227747396,21.1753688151,21.2327220006,21.1630974962,0.491314194514,0.491979103351,1.00328990141,768000
21,ADD_21_X4_ACC2,5QC,0.454317708333,0.48258203125,0.489010786052,0.481206531361,1.03063702707,1.03747917186,1.01621809801,768000
21,ADD_21_X4_ACC2,5QT,0.36316015625,0.358020182292,0.357701684397,0.358088328275,0.992898049479,0.992456305805,0.998920255567,768000
21,ADD_21_X4_ACC2,5TE,28.0737395833,7.38002473958,7.39692486702,7.37640877908,0.51271824892,0.513304971122,1.00278131114,768000
21,ADD_21_X4_ACC2,5SB,520.715768229,122.661969727,121.85137042,122.835405997,0.48534951797,0.48374316795,0.991988990719,768000
21,ADD_21_X4_ACC2,5Z0,1215.13380078,312.90278125,296.349187352,316.444597243,0.507449303683,0.49384404309,0.936496277497,768000
22,ADD_22_X4_ACC3,5L8,1.65149088542,0.895514648437,0.879314420804,0.898980857992,0.73637367881,0.729682628659,0.97812363076,768000
22,ADD_22_X4_ACC3,5PD,88.4133684896,23.0156396484,23.0191803339,23.0148820814,0.510214217084,0.510253460804,1.0001867597,768000
22,ADD_22_X4_ACC3,5PN,88.7726263021,21.293382487,21.1339261968,21.3274998419,0.489759414869,0.487922178015,0.990923753531,768000
22,ADD_22_X4_ACC3,5QC,0.382514322917,0.514714518229,0.529397532506,0.511572932473,1.16000365696,1.1764327487,1.03484273483,768000
22,ADD_22_X4_ACC3,5QT,0.361440104167,0.364901367187,0.363676492317,0.365163442084,1.00477674709,1.00308894808,0.995927988411,768000
22,ADD_22_X4_ACC3,5TE,19.4606458333,5.33689746094,5.30742464539,5.34320348065,0.523679779221,0.522231776374,0.993303860616,768000
22,ADD_22_X4_ACC3,5SB,249.587779948,56.0952018229,55.0671764184,56.3151587001,0.474079524362,0.469715341712,0.977839318748,768000
22,ADD_22_X4_ACC3,5Z0,979.078143229,245.731897786,229.503677231,249.204096722,0.500981962379,0.484156923209,0.920946646746,768000
23,ADD_23_X5_ACC1,5L8,1.84843619792,0.990411132813,1.03732454196,0.980373514163,0.731990634284,0.749126385825,1.05809115299,768000
23,ADD_23_X5_ACC1,5PD,69.5444895833,17.5806321615,18.5495936761,17.3733126265,0.502789131998,0.516458986298,1.06770620405,768000
23,ADD_23_X5_ACC1,5PN,107.05438151,27.3656344401,25.8345042849,27.6932358845,0.505592400187,0.491244660547,0.932881386364,768000
23,ADD_23_X5_ACC1,5QC,0.3877890625,0.639531575521,0.665447695035,0.633986548432,1.28420163346,1.30996346912,1.0496243125,768000
23,ADD_23_X5_ACC1,5QT,0.424033854167,0.450366861979,0.449794991135,0.450489219777,1.03058293798,1.02992841875,0.998458945046,768000
23,ADD_23_X5_ACC1,5TE,27.8477109375,7.7043219401,7.36095781619,7.77778831563,0.525983911053,0.514129369248,0.946407579826,768000
23,ADD_23_X5_ACC1,5SB,412.55528776,98.7128378906,91.635281841,100.227155649,0.489154147086,0.471292231351,0.914275988851,768000
23,ADD_23_X5_ACC1,5Z0,254.612057292,63.9557405599,71.3725897606,62.3688274532,0.501187560247,0.529451575157,1.1443631807,768000
24,ADD_24_X5_ACC2,5L8,2.12796614583,1.03507454427,1.09153553487,1.02299411988,0.697434548174,0.71620373602,1.06700079078,768000
24,ADD_24_X5_ACC2,5PD,73.6166028646,16.7510579427,17.6084072104,16.567619025,0.47701631619,0.489071268806,1.06282062521,768000
24,ADD_24_X5_ACC2,5PN,155.20425651,40.8260188802,39.4270593233,41.1253410312,0.512881108097,0.50401722548,0.958704738602,768000
24,ADD_24_X5_ACC2,5QC,0.392419270833,0.704473307292,0.736652260638,0.697588280855,1.33985286078,1.37011209361,1.05599861817,768000
24,ADD_24_X5_ACC2,5QT,0.469194010417,0.363170572917,0.349300014775,0.366138325114,0.879790151002,0.862825699688,0.954011068538,768000
24,ADD_24_X5_ACC2,5TE,32.2361080729,7.95754166667,7.59582225177,8.03493535028,0.496841837296,0.485418244297,0.945349516908,768000
24,ADD_24_X5_ACC2,5SB,510.954647135,121.252527018,114.350893913,122.729204208,0.487140483156,0.473073482864,0.931733360863,768000
24,ADD_24_X5_ACC2,5Z0,137.361683594,29.8447669271,31.6666112589,29.4549641186,0.466123815997,0.480140115661,1.07508571836,768000
25,ADD_25_X5_ACC3,5L8,3.33880208333,1.26640039063,1.22873079196,1.27446019853,0.615871603244,0.606642779748,0.964118607529,768000
25,ADD_25_X5_ACC3,5PD,63.6027565104,16.4164326172,16.9740728428,16.2971196099,0.508044115129,0.516600784935,1.04153821345,768000
25,ADD_25_X5_ACC3,5PN,80.8984153646,19.9239648437,19.160433289,20.0873304723,0.496269832621,0.486667848329,0.953856626963,768000
25,ADD_25_X5_ACC3,5QC,7.79308072917,2.41426367188,2.29743646572,2.43926008472,0.556593028245,0.542959163946,0.941857934751,768000
25,ADD_25_X5_ACC3,5QT,5.85062109375,1.81964192708,1.79263076241,1.82542125063,0.557688875129,0.553534171034,0.98203675551,768000
25,ADD_25_X5_ACC3,5TE,13.8834570312,4.0355843099,4.00707557624,4.04168405412,0.539143535417,0.537235814028,0.991437114475,768000
25,ADD_25_X5_ACC3,5SB,400.373898437,97.6601136068,92.1660368647,98.8356292678,0.493884883976,0.479791531492,0.932518339261,768000
25,ADD_25_X5_ACC3,5Z0,170.584315104,42.1580644531,44.8069666076,41.5913039011,0.497130929072,0.512511038516,1.07731574644,768000
26,ADD_26_X6_ACC1,5L8,1.80575390625,0.9323046875,0.945940455083,0.929387171219,0.718537853714,0.72377340038,1.0178109666,768000
26,ADD_26_X6_ACC1,5PD,71.9028606771,19.5695598958,20.1207613032,19.4516245416,0.521695925415,0.528992019056,1.0344000451,768000
26,ADD_26_X6_ACC1,5PN,90.9535039063,20.6141611328,20.6014461436,20.6168816388,0.476072522434,0.475925677005,0.999251317658,768000
26,ADD_26_X6_ACC1,5QC,0.416623697917,0.476553059896,0.488183362884,0.474064633915,1.06950703728,1.08247905696,1.02978228697,768000
26,ADD_26_X6_ACC1,5QT,0.393162760417,0.343435546875,0.344555260047,0.343195972433,0.934622935482,0.936145285188,1.00396067472,768000
26,ADD_26_X6_ACC1,5TE,22.8943138021,5.93777929688,5.91970855496,5.94164572269,0.509270136484,0.508494602288,0.996307897046,768000
26,ADD_26_X6_ACC1,5SB,334.481091146,72.1344140625,71.5569352098,72.2579717533,0.464392790161,0.462530184721,0.990298142524,768000
26,ADD_26_X6_ACC1,5Z0,1168.9400599,312.738510742,320.607589022,311.054838455,0.517242927088,0.523709893081,1.03071082454,768000
27,ADD_27_X6_ACC2,5L8,1.6702734375,0.86226953125,0.844424128251,0.866087743424,0.718501588944,0.711027715789,0.974986812434,768000
27,ADD_27_X6_ACC2,5PD,75.3424713542,20.2234938151,20.1781434693,20.2331969999,0.518093522403,0.517512294761,0.997279049346,768000
27,ADD_27_X6_ACC2,5PN,94.5408867188,21.4023268229,21.5379414155,21.3733106506,0.475795861454,0.477300907389,1.00770263286,768000
27,ADD_27_X6_ACC2,5QC,0.42468359375,0.484321289062,0.496418809102,0.481732897066,1.06790848669,1.08116349197,1.03048559092,768000
27,ADD_27_X6_ACC2,5QT,0.376536458333,0.337647460937,0.338661716903,0.337430450177,0.946952570856,0.948373775238,1.00364894966,768000
27,ADD_27_X6_ACC2,5TE,23.4584882812,6.07356542969,6.01656139184,6.08576204476,0.508828989447,0.506435528258,0.988629089929,768000
27,ADD_27_X6_ACC2,5SB,313.654608073,66.7574430339,67.1607417258,66.6711530254,0.46134308001,0.462734527093,1.00734333633,768000
27,ADD_27_X6_ACC2,5Z0,1143.73107943,298.904759766,280.294259752,302.886672515,0.511216019061,0.49504552674,0.92540968351,768000
28,ADD_28_X6_ACC3,5L8,1.7531484375,1.02656217448,1.05336140662,1.02082819613,0.765214664908,0.775138586677,1.0318694278,768000
28,ADD_28_X6_ACC3,5PD,86.5642682292,23.4564355469,22.6196642287,23.6354715952,0.520549073152,0.511179873186,0.957021912493,768000
28,ADD_28_X6_ACC3,5PN,86.8698867187,19.5577324219,19.3488752216,19.6024196225,0.47448733248,0.471947004988,0.987065657925,768000
28,ADD_28_X6_ACC3,5QC,0.353921875,0.543176106771,0.56082483747,0.539399974709,1.23884401181,1.25880922389,1.03971980676,768000
28,ADD_28_X6_ACC3,5QT,0.414673177083,0.37859765625,0.375513445626,0.37925755564,0.955511654266,0.951611701926,0.990127790577,768000
28,ADD_28_X6_ACC3,5TE,19.3156367187,5.10072591146,5.10236776005,5.10037462064,0.513879720515,0.51396241902,1.00039078294,768000
28,ADD_28_X6_ACC3,5SB,248.111246094,49.9408323568,49.3101673316,50.0757697901,0.448646891714,0.445805080189,0.984711119535,768000
28,ADD_28_X6_ACC3,5Z0,634.466035156,160.185545898,165.347792923,159.081028705,0.502466918418,0.510499136886,1.03939353591,768000
29,ADD_29_X7_ACC1,5L8,1.92830078125,0.907477213542,0.913329270095,0.906225104325,0.686010046343,0.688218431366,1.00783929482,768000
29,ADD_29_X7_ACC1,5PD,52.0663151042,14.4157135417,15.4637134309,14.1914829129,0.526186438424,0.544977378186,1.08964746854,768000
29,ADD_29_X7_ACC1,5PN,118.851018229,28.3690585938,26.5060431442,28.7676703971,0.488563489339,0.472248945528,0.921383024011,768000
29,ADD_29_X7_ACC1,5QC,0.40276171875,0.445153971354,0.464465130024,0.441022145296,1.05131057597,1.07387186595,1.05315602624,768000
29,ADD_29_X7_ACC1,5QT,0.43533984375,0.357714192708,0.351852467494,0.358968370637,0.906470922062,0.899013248774,0.980176796269,768000
29,ADD_29_X7_ACC1,5TE,33.9879388021,8.83997395833,8.35675051714,8.94336470979,0.509991665831,0.495856835723,0.934407886552,768000
29,ADD_29_X7_ACC1,5SB,493.898292969,115.023364583,107.555389332,116.621216648,0.4825855025,0.466656506804,0.922262624451,768000
29,ADD_29_X7_ACC1,5Z0,173.022360677,45.7074150391,52.1433750739,44.3303735142,0.513975258656,0.54896979862,1.1762448845,768000
30,ADD_30_X7_ACC2,5L8,1.86561588542,0.902854817708,0.89557106974,0.904413252403,0.695661300619,0.692849507172,0.990223293787,768000
30,ADD_30_X7_ACC2,5PD,62.1602434896,17.0093196615,18.0607675827,16.7843512898,0.523102888367,0.539028525134,1.07604799678,768000
30,ADD_30_X7_ACC2,5PN,107.574197917,25.5394166667,24.1225731383,25.842565282,0.487249529532,0.473541186091,0.933443443988,768000
30,ADD_30_X7_ACC2,5QC,0.395640625,0.450015625,0.47733820922,0.444169669954,1.06650613236,1.09840540201,1.07467538085,768000
30,ADD_30_X7_ACC2,5QT,0.423287760417,0.354913085937,0.349841164303,0.355998277061,0.915678781857,0.909112437699,0.982704655735,768000
30,ADD_30_X7_ACC2,5TE,30.5111875,7.98665527344,7.59719451832,8.06998450936,0.511626362651,0.498996003935,0.941413767215,768000
30,ADD_30_X7_ACC2,5SB,433.020792969,100.125212891,93.6132941785,101.518506576,0.480858559139,0.464958710867,0.922130332057,768000
30,ADD_30_X7_ACC2,5Z0,217.639643229,57.2937014974,62.6213246158,56.1538003446,0.513079234209,0.536404141485,1.11517518372,768000
31,ADD_31_X7_ACC3,5L8,2.07039192708,0.969099609375,0.979319961584,0.966912857233,0.68416038954,0.687758585685,1.01283166757,768000
31,ADD_31_X7_ACC3,5PD,68.0544088542,18.2675042318,19.1923814273,18.0696170018,0.518097474582,0.531051084566,1.06213548552,768000
31,ADD_31_X7_ACC3,5PN,130.079764323,31.2166223958,29.8265329492,31.5140466932,0.489878167776,0.478846719125,0.94645201359,768000
31,ADD_31_X7_ACC3,5QC,0.340678385417,0.496181966146,0.520314346927,0.491018588771,1.20683583592,1.23583534068,1.05966323643,768000
31,ADD_31_X7_ACC3,5QT,0.478311197917,0.418679361979,0.410390809693,0.420452785154,0.93558985222,0.926282670567,0.976068714924,768000
31,ADD_31_X7_ACC3,5TE,30.9123424479,8.28809635417,7.86046838061,8.37959186899,0.517799274666,0.50426433685,0.938049072497,768000
31,ADD_31_X7_ACC3,5SB,471.9321875,111.603851888,104.962078901,113.024929265,0.48629498698,0.471602840815,0.928663079761,768000
31,ADD_31_X7_ACC3,5Z0,159.697670573,41.1566054688,44.770994016,40.3832689207,0.507657121766,0.52947941179,1.1086520535,768000
