node_id,node_name,signal,bias,mean_gap,std_gap,cv_gap,mean_roi_trigger_rate,mean_non_roi_trigger_rate
7,ADD_07_D3,input1,ROI,0.139794796633,0.0519435682178,0.371570111828,0.45207132831,0.312276531677
7,ADD_07_D3,input1,Non-ROI,0.137897007968,0.0529626633124,0.384074057102,0.452738068853,0.590635076821
7,ADD_07_D3,input2,ROI,0.139119555742,0.0517469985708,0.371960636984,0.467938275709,0.328818719967
7,ADD_07_D3,input2,Non-ROI,0.137567946724,0.0522382279753,0.37972674027,0.436950539303,0.574518486027
7,ADD_07_D3,baseline_output,ROI,0.0760320256532,0.0376672884588,0.495413454201,0.474158724882,0.398126699229
7,ADD_07_D3,baseline_output,Non-ROI,0.0976448012965,0.087029286284,0.891284381027,0.303985667849,0.401630469145
4,ADD_04_D0,input1,ROI,0.140302205415,0.0514015434705,0.366363046955,0.453945035461,0.313642830046
4,ADD_04_D0,input1,Non-ROI,0.140298068748,0.0538838133612,0.384066679193,0.384848736702,0.52514680545
4,ADD_04_D0,input2,ROI,0.138271606184,0.0488058999843,0.352971237778,0.451066600177,0.312794993993
4,ADD_04_D0,input2,Non-ROI,0.13832932895,0.0507119206299,0.366602809505,0.380902777778,0.519232106727
4,ADD_04_D0,baseline_output,ROI,0.063088045771,0.039352578167,0.623772343651,0.378407579787,0.315319534016
4,ADD_04_D0,baseline_output,Non-ROI,0.0943831231144,0.0779844299437,0.826253967557,0.387415964835,0.481799087949
5,ADD_05_D1,input1,ROI,0.141246385741,0.0512758356661,0.363024054719,0.456151189421,0.31490480368
5,ADD_05_D1,input1,Non-ROI,0.14029158909,0.0534868483713,0.381254847267,0.447148345154,0.587439934244
5,ADD_05_D1,input2,ROI,0.139021497666,0.0504225470783,0.362696042876,0.492163489953,0.353141992286
5,ADD_05_D1,input2,Non-ROI,0.13867627091,0.0514561485557,0.371052294802,0.345887817671,0.484564088581
5,ADD_05_D1,baseline_output,ROI,0.0643354583921,0.0394439503194,0.613098146889,0.4009299276,0.336594469208
5,ADD_05_D1,baseline_output,Non-ROI,0.0928349445036,0.078243583983,0.842824697115,0.374549349882,0.467384294385
11,ADD_11_X1_ACC1,input1,ROI,0.0615422213613,0.0384663730653,0.625040374145,0.370820404846,0.309278183485
11,ADD_11_X1_ACC1,input1,Non-ROI,0.0911135079119,0.0755074495427,0.828718499299,0.439748633274,0.530862141186
11,ADD_11_X1_ACC1,input2,ROI,0.061618340526,0.0380906464649,0.61817059888,0.402406545508,0.340788204982
11,ADD_11_X1_ACC1,input2,Non-ROI,0.0885054007612,0.0750266270792,0.847706766298,0.39204159279,0.480546993551
11,ADD_11_X1_ACC1,baseline_output,ROI,0.0621343813788,0.038968336081,0.627162212229,0.367737884161,0.305603502782
11,ADD_11_X1_ACC1,baseline_output,Non-ROI,0.0909402723519,0.0766664301456,0.843041571823,0.410551492317,0.501491764669
23,ADD_23_X5_ACC1,input1,ROI,0.0591531333742,0.0365895790926,0.618556904858,0.364336768617,0.305183635243
23,ADD_23_X5_ACC1,input1,Non-ROI,0.0885464983839,0.072461571205,0.818344853015,0.45766659279,0.546213091173
23,ADD_23_X5_ACC1,input2,ROI,0.0620929922836,0.0383120650201,0.617011092736,0.41602670656,0.353933714277
23,ADD_23_X5_ACC1,input2,Non-ROI,0.088984648816,0.0752345575077,0.845477939271,0.383638999704,0.47262364852
23,ADD_23_X5_ACC1,baseline_output,ROI,0.0710978334176,0.0362313021245,0.509597836992,0.448220486111,0.377122652693
23,ADD_23_X5_ACC1,baseline_output,Non-ROI,0.0926301962821,0.0794186555281,0.857373283397,0.320025302896,0.412655499178
17,ADD_17_X3_ACC1,input1,ROI,0.0617508932511,0.0388592962498,0.629291241047,0.352692819149,0.290941925898
17,ADD_17_X3_ACC1,input1,Non-ROI,0.0912410047102,0.0762124090408,0.835286823976,0.42473865987,0.51597966458
17,ADD_17_X3_ACC1,input2,ROI,0.0557152712757,0.0344976391904,0.619177442746,0.368881131797,0.313165860521
17,ADD_17_X3_ACC1,input2,Non-ROI,0.0805160386107,0.0677664309611,0.841651329728,0.432725694444,0.513241733055
17,ADD_17_X3_ACC1,baseline_output,ROI,0.0605706201997,0.037185762603,0.613924085314,0.366906767139,0.30633614694
17,ADD_17_X3_ACC1,baseline_output,Non-ROI,0.089028201534,0.0730319407942,0.820323667511,0.419651300236,0.50867950177
6,ADD_06_D2,input1,ROI,0.139986697643,0.0521642153149,0.372636944746,0.4528830526,0.312896354957
6,ADD_06_D2,input1,Non-ROI,0.138001254229,0.0538091315201,0.389917699088,0.450489435579,0.588490689808
6,ADD_06_D2,input2,ROI,0.13817616015,0.0509374420954,0.368641320182,0.447412455674,0.309236295524
6,ADD_06_D2,input2,Non-ROI,0.137711810824,0.051974454644,0.377414648263,0.381640625,0.519352435824
6,ADD_06_D2,baseline_output,ROI,0.0693260505566,0.0365243554557,0.526848928541,0.484478427896,0.415152377339
6,ADD_06_D2,baseline_output,Non-ROI,0.0919143734507,0.0785912931036,0.855048999988,0.307290743203,0.399205116654
28,ADD_28_X6_ACC3,input1,ROI,0.137477825669,0.0489876059145,0.356330962293,0.452401004728,0.314923179059
28,ADD_28_X6_ACC3,input1,Non-ROI,0.136329356752,0.0499110834219,0.366106645048,0.450490359043,0.586819715794
28,ADD_28_X6_ACC3,input2,ROI,0.137951883271,0.0484745686452,0.35138750915,0.446662603428,0.308710720157
28,ADD_28_X6_ACC3,input2,Non-ROI,0.136385779102,0.0494267651804,0.362404097451,0.453325391548,0.58971117065
28,ADD_28_X6_ACC3,baseline_output,ROI,0.0226247345358,0.0174944302145,0.773243557257,0.382312906324,0.359688171788
28,ADD_28_X6_ACC3,baseline_output,Non-ROI,0.0343695965482,0.034772214258,1.01171435659,0.46302268026,0.497392276808
22,ADD_22_X4_ACC3,input1,ROI,0.135651582292,0.050693847254,0.373706273067,0.448168772163,0.312517189871
22,ADD_22_X4_ACC3,input1,Non-ROI,0.134453069788,0.0516502700968,0.384150917328,0.449810690012,0.5842637598
22,ADD_22_X4_ACC3,input2,ROI,0.138711897818,0.0494730302696,0.356660322927,0.456800384161,0.318088486343
22,ADD_22_X4_ACC3,input2,Non-ROI,0.137109628637,0.0503605411978,0.367301273429,0.445058547577,0.582168176214
22,ADD_22_X4_ACC3,baseline_output,ROI,0.0647302915263,0.0253044190467,0.390920826248,0.465291629728,0.400561338202
22,ADD_22_X4_ACC3,baseline_output,Non-ROI,0.0750290687767,0.0541151989978,0.721256439405,0.334185690012,0.409214758789
12,ADD_12_X1_ACC2,input1,ROI,0.0621343813788,0.038968336081,0.627162212229,0.367737884161,0.305603502782
12,ADD_12_X1_ACC2,input1,Non-ROI,0.0909402723519,0.0766664301456,0.843041571823,0.410551492317,0.501491764669
12,ADD_12_X1_ACC2,input2,ROI,0.0677633431627,0.0365862488819,0.539912099585,0.449879949764,0.382116606601
12,ADD_12_X1_ACC2,input2,Non-ROI,0.0873535799101,0.0751799840198,0.86063998862,0.328478686466,0.415832266376
12,ADD_12_X1_ACC2,baseline_output,ROI,0.0622155228389,0.0394762139591,0.634507469484,0.382234411939,0.3200188891
12,ADD_12_X1_ACC2,baseline_output,Non-ROI,0.0905258993496,0.0764336455361,0.844329038267,0.406670175827,0.497196075177
24,ADD_24_X5_ACC2,input1,ROI,0.0710978334176,0.0362313021245,0.509597836992,0.448220486111,0.377122652693
24,ADD_24_X5_ACC2,input1,Non-ROI,0.0926301962821,0.0794186555281,0.857373283397,0.320025302896,0.412655499178
24,ADD_24_X5_ACC2,input2,ROI,0.0595294019522,0.0292359346916,0.491117560951,0.433782136525,0.374252734573
24,ADD_24_X5_ACC2,input2,Non-ROI,0.0769265996011,0.0625912660522,0.813649197765,0.391872598995,0.468799198596
24,ADD_24_X5_ACC2,baseline_output,ROI,0.0683626218355,0.0334560657902,0.489391203729,0.44819001182,0.379827389985
24,ADD_24_X5_ACC2,baseline_output,Non-ROI,0.0870283078093,0.0721444321724,0.828976616787,0.333935431442,0.420963739251
31,ADD_31_X7_ACC3,input1,ROI,0.0660528704212,0.0304555291937,0.461078057615,0.476801677009,0.410748806588
31,ADD_31_X7_ACC3,input1,Non-ROI,0.0839224216791,0.0708298366777,0.843991811253,0.312181405142,0.396103826821
31,ADD_31_X7_ACC3,input2,ROI,0.0695610782868,0.0318950789727,0.458519041944,0.427556146572,0.357995068285
31,ADD_31_X7_ACC3,input2,Non-ROI,0.0867576083291,0.0729868080083,0.841272706959,0.360633680556,0.447391288885
31,ADD_31_X7_ACC3,baseline_output,ROI,0.0262666610166,0.0190993751226,0.727133727066,0.384859818262,0.358593157246
31,ADD_31_X7_ACC3,baseline_output,Non-ROI,0.0366109640296,0.0387243236023,1.05772477259,0.427888593381,0.46449955741
