node_id,node_name,monitor_input,bias,mean_gap,std_gap,cv_gap,mean_roi_trigger_rate,mean_non_roi_trigger_rate
0,ADD_00_S0,input1,ROI,0.137034809888,0.0465360893377,0.339593198076,0.456590757979,0.319555948091
0,ADD_00_S0,input1,Non-ROI,0.137136399265,0.0493660993951,0.35997809232,0.377026078605,0.514162477871
0,ADD_00_S0,input2,ROI,0.135027763877,0.0451397607989,0.334299846957,0.439980422577,0.3049526587
0,ADD_00_S0,input2,Non-ROI,0.135786623744,0.0476347128909,0.350805635912,0.393003841608,0.528790465352
1,ADD_01_S1,input1,ROI,0.137823310267,0.0474319171789,0.344150181033,0.423130910165,0.285307599899
1,ADD_01_S1,input1,Non-ROI,0.137201285528,0.0502170962103,0.366010391353,0.476019503546,0.613220789074
1,ADD_01_S1,input2,ROI,0.136502861363,0.0470185249053,0.344450837409,0.463588763298,0.327085901935
1,ADD_01_S1,input2,Non-ROI,0.137065190291,0.0490360255015,0.357756957819,0.378553486998,0.515618677289
2,ADD_02_S2,input1,ROI,0.137157620705,0.0480088529354,0.350026871919,0.457271350473,0.320113729767
2,ADD_02_S2,input1,Non-ROI,0.135914019648,0.0507367426634,0.373300287894,0.441471815898,0.577385835546
2,ADD_02_S2,input2,ROI,0.135553513006,0.0472186334511,0.348339429971,0.433410904255,0.297857391249
2,ADD_02_S2,input2,Non-ROI,0.13539202603,0.048512281369,0.358309737963,0.395752068558,0.531144094588
3,ADD_03_S3,input1,ROI,0.137078082344,0.0473659785384,0.345540131058,0.428032653664,0.29095457132
3,ADD_03_S3,input1,Non-ROI,0.135700919618,0.049019204812,0.36122971716,0.474005429965,0.609706349583
3,ADD_03_S3,input2,ROI,0.136436730737,0.0484019093699,0.354757176521,0.444314236111,0.307877505374
3,ADD_03_S3,input2,Non-ROI,0.135192143157,0.0492122725311,0.364017252644,0.459679742908,0.594871886065
4,ADD_04_D0,input1,ROI,0.137034809888,0.0465360893377,0.339593198076,0.456590757979,0.319555948091
4,ADD_04_D0,input1,Non-ROI,0.137136399265,0.0493660993951,0.35997809232,0.377026078605,0.514162477871
4,ADD_04_D0,input2,ROI,0.135027763877,0.0451397607989,0.334299846957,0.439980422577,0.3049526587
4,ADD_04_D0,input2,Non-ROI,0.135786623744,0.0476347128909,0.350805635912,0.393003841608,0.528790465352
5,ADD_05_D1,input1,ROI,0.137823310267,0.0474319171789,0.344150181033,0.423130910165,0.285307599899
5,ADD_05_D1,input1,Non-ROI,0.137201285528,0.0502170962103,0.366010391353,0.476019503546,0.613220789074
5,ADD_05_D1,input2,ROI,0.136502861363,0.0470185249053,0.344450837409,0.463588763298,0.327085901935
5,ADD_05_D1,input2,Non-ROI,0.137065190291,0.0490360255015,0.357756957819,0.378553486998,0.515618677289
6,ADD_06_D2,input1,ROI,0.137157620705,0.0480088529354,0.350026871919,0.457271350473,0.320113729767
6,ADD_06_D2,input1,Non-ROI,0.135914019648,0.0507367426634,0.373300287894,0.441471815898,0.577385835546
6,ADD_06_D2,input2,ROI,0.135553513006,0.0472186334511,0.348339429971,0.433410904255,0.297857391249
6,ADD_06_D2,input2,Non-ROI,0.13539202603,0.048512281369,0.358309737963,0.395752068558,0.531144094588
7,ADD_07_D3,input1,ROI,0.137078082344,0.0473659785384,0.345540131058,0.428032653664,0.29095457132
7,ADD_07_D3,input1,Non-ROI,0.135700919618,0.049019204812,0.36122971716,0.474005429965,0.609706349583
7,ADD_07_D3,input2,ROI,0.136436730737,0.0484019093699,0.354757176521,0.444314236111,0.307877505374
7,ADD_07_D3,input2,Non-ROI,0.135192143157,0.0492122725311,0.364017252644,0.459679742908,0.594871886065
8,ADD_08_X0_ACC1,input1,ROI,0.141561613251,0.0506184642094,0.357571964934,0.436672576832,0.295110963581
8,ADD_08_X0_ACC1,input1,Non-ROI,0.14038998348,0.0505835376871,0.360307312767,0.414641511525,0.555031495005
8,ADD_08_X0_ACC1,input2,ROI,0.142274992198,0.0512529725998,0.360238800988,0.437475066489,0.295200074292
8,ADD_08_X0_ACC1,input2,Non-ROI,0.140784850246,0.0510196491367,0.362394455423,0.412627437943,0.553412288189
9,ADD_09_X0_ACC2,input1,ROI,0.143609061835,0.0533897958768,0.371771775364,0.43581098552,0.292201923685
9,ADD_09_X0_ACC2,input1,Non-ROI,0.141758771977,0.0524086888388,0.369703321409,0.406533503251,0.548292275228
9,ADD_09_X0_ACC2,input2,ROI,0.140004981938,0.0501959725501,0.358529902689,0.444446291371,0.304441309433
9,ADD_09_X0_ACC2,input2,Non-ROI,0.137949921437,0.0497847605861,0.360890097418,0.409881981383,0.54783190282
10,ADD_10_X0_ACC3,input1,ROI,0.144963086129,0.055263625708,0.381225504946,0.421038342199,0.27607525607
10,ADD_10_X0_ACC3,input1,Non-ROI,0.142630241124,0.0535213738257,0.375245623957,0.424509640957,0.567139882081
10,ADD_10_X0_ACC3,input2,ROI,0.138819865959,0.0502155986234,0.361732078306,0.446875,0.308055134041
10,ADD_10_X0_ACC3,input2,Non-ROI,0.136456494814,0.0499561853513,0.366096061747,0.47317338948,0.609629884294
11,ADD_11_X1_ACC1,input1,ROI,0.0559176092439,0.0330925245356,0.591808644594,0.387291297281,0.331373688037
11,ADD_11_X1_ACC1,input1,Non-ROI,0.0850199501717,0.0677737304015,0.797150907107,0.404274711879,0.489294662051
11,ADD_11_X1_ACC1,input2,ROI,0.0546211956112,0.0319996187607,0.585846179355,0.383779366135,0.329158170524
11,ADD_11_X1_ACC1,input2,Non-ROI,0.080484895895,0.06539145959,0.812468710593,0.39309249409,0.473577389985
12,ADD_12_X1_ACC2,input1,ROI,0.0552152502,0.0297499215779,0.538798999736,0.346051270686,0.290836020486
12,ADD_12_X1_ACC2,input1,Non-ROI,0.0805512619414,0.0623028217688,0.773455564409,0.381605533392,0.462156795334
12,ADD_12_X1_ACC2,input2,ROI,0.0579569190191,0.026621524361,0.459332980628,0.410753730792,0.352796811773
12,ADD_12_X1_ACC2,input2,Non-ROI,0.0751463304061,0.0576289676382,0.766889977551,0.345495345745,0.420641676151
13,ADD_13_X1_ACC3,input1,ROI,0.0559416333043,0.0275559750853,0.492584385862,0.424390514184,0.36844888088
13,ADD_13_X1_ACC3,input1,Non-ROI,0.0822019940306,0.0617222782108,0.75086108237,0.387523086584,0.469725080615
13,ADD_13_X1_ACC3,input2,ROI,0.0483557924106,0.017402240106,0.359879121787,0.427014073582,0.378658281171
13,ADD_13_X1_ACC3,input2,Non-ROI,0.0583580524435,0.0409231120931,0.701241908864,0.422902814716,0.48126086716
14,ADD_14_X2_ACC1,input1,ROI,0.142573829985,0.0521943563424,0.366086513549,0.434365765366,0.291791935382
14,ADD_14_X2_ACC1,input1,Non-ROI,0.141334466489,0.0522684639518,0.369821072314,0.416272347813,0.557606814302
14,ADD_14_X2_ACC1,input2,ROI,0.142279319443,0.051713494363,0.363464588989,0.431168735225,0.288889415781
14,ADD_14_X2_ACC1,input2,Non-ROI,0.140761588498,0.0515266158161,0.366055941581,0.420621860225,0.561383448723
15,ADD_15_X2_ACC2,input1,ROI,0.142456175988,0.051615697794,0.362326852001,0.436085254137,0.293629078149
15,ADD_15_X2_ACC2,input1,Non-ROI,0.140609204433,0.0509062168565,0.362040430155,0.403074209515,0.543683413948
15,ADD_15_X2_ACC2,input2,ROI,0.139847956733,0.0507398444305,0.362821492826,0.439925014775,0.300077058042
15,ADD_15_X2_ACC2,input2,Non-ROI,0.138072945253,0.0505450437568,0.366074929915,0.411491578014,0.549564523268
16,ADD_16_X2_ACC3,input1,ROI,0.138512295207,0.0479048929494,0.345853000832,0.439454971927,0.30094267672
16,ADD_16_X2_ACC3,input1,Non-ROI,0.137615725793,0.0488765085683,0.355166593691,0.395741910461,0.533357636254
16,ADD_16_X2_ACC3,input2,ROI,0.139766725589,0.0518988296965,0.371324644531,0.444944038121,0.305177312532
16,ADD_16_X2_ACC3,input2,Non-ROI,0.137418903382,0.0518051324102,0.376986943829,0.475881907506,0.613300810888
17,ADD_17_X3_ACC1,input1,ROI,0.0544418503392,0.0313068304374,0.575050815545,0.356259234634,0.301817384294
17,ADD_17_X3_ACC1,input1,Non-ROI,0.0834824439386,0.0657116842185,0.787131774278,0.413758680556,0.497241124494
17,ADD_17_X3_ACC1,input2,ROI,0.0520279647686,0.0322274911649,0.619426327903,0.372192671395,0.320164706626
17,ADD_17_X3_ACC1,input2,Non-ROI,0.0759236315142,0.0624986955044,0.823178426242,0.418627179374,0.494550810888
18,ADD_18_X3_ACC2,input1,ROI,0.0578590627321,0.0364713729408,0.630348491985,0.368575465426,0.310716402693
18,ADD_18_X3_ACC2,input1,Non-ROI,0.079999067288,0.0604894936743,0.756127486544,0.397975768322,0.47797483561
18,ADD_18_X3_ACC2,input2,ROI,0.0593452698049,0.0265524756865,0.447423624052,0.415043218085,0.35569794828
18,ADD_18_X3_ACC2,input2,Non-ROI,0.0792772580599,0.0620474364938,0.782663755183,0.350774785757,0.430052043816
19,ADD_19_X3_ACC3,input1,ROI,0.0608732247083,0.0370455707203,0.608569217384,0.485550568853,0.424677344145
19,ADD_19_X3_ACC3,input1,Non-ROI,0.0690190179081,0.0561828949318,0.814020492246,0.361779698582,0.43079871649
19,ADD_19_X3_ACC3,input2,ROI,0.0521274577858,0.0187345405368,0.359398699506,0.434025930851,0.381898473065
19,ADD_19_X3_ACC3,input2,Non-ROI,0.0647229822928,0.0467297933674,0.721996912256,0.350636266253,0.415359248546
20,ADD_20_X4_ACC1,input1,ROI,0.141561613251,0.0506184642094,0.357571964934,0.436672576832,0.295110963581
20,ADD_20_X4_ACC1,input1,Non-ROI,0.14038998348,0.0505835376871,0.360307312767,0.414641511525,0.555031495005
20,ADD_20_X4_ACC1,input2,ROI,0.142274992198,0.0512529725998,0.360238800988,0.437475066489,0.295200074292
20,ADD_20_X4_ACC1,input2,Non-ROI,0.140784850246,0.0510196491367,0.362394455423,0.412627437943,0.553412288189
21,ADD_21_X4_ACC2,input1,ROI,0.044795545493,0.0182042778191,0.406385894372,0.417573507683,0.37277796219
21,ADD_21_X4_ACC2,input1,Non-ROI,0.0562292830315,0.0400583595798,0.712410996907,0.414954565603,0.471183848634
21,ADD_21_X4_ACC2,input2,ROI,0.140004981938,0.0501959725501,0.358529902689,0.444446291371,0.304441309433
21,ADD_21_X4_ACC2,input2,Non-ROI,0.137949921437,0.0497847605861,0.360890097418,0.409881981383,0.54783190282
22,ADD_22_X4_ACC3,input1,ROI,0.132721947341,0.0501858614446,0.378127826256,0.434596631206,0.301874683864
22,ADD_22_X4_ACC3,input1,Non-ROI,0.132869118533,0.0507205841877,0.381733428713,0.478964428191,0.611833546725
22,ADD_22_X4_ACC3,input2,ROI,0.138819865959,0.0502155986234,0.361732078306,0.446875,0.308055134041
22,ADD_22_X4_ACC3,input2,Non-ROI,0.136456494814,0.0499561853513,0.366096061747,0.47317338948,0.609629884294
23,ADD_23_X5_ACC1,input1,ROI,0.0554889316681,0.0330565033007,0.595731478459,0.380270205378,0.32478127371
23,ADD_23_X5_ACC1,input1,Non-ROI,0.0836721701159,0.0665196646805,0.795003459196,0.436993018617,0.520665188733
23,ADD_23_X5_ACC1,input2,ROI,0.0547341972578,0.0330422703271,0.603686031449,0.372830784574,0.318096587317
23,ADD_23_X5_ACC1,input2,Non-ROI,0.080584781279,0.0663157608106,0.822931572911,0.392762817671,0.47334759895
24,ADD_24_X5_ACC2,input1,ROI,0.0523715884265,0.0244463729241,0.466786928917,0.407147606383,0.354776017956
24,ADD_24_X5_ACC2,input1,Non-ROI,0.0659925804554,0.0444788243708,0.673997350367,0.43697454935,0.502967129805
24,ADD_24_X5_ACC2,input2,ROI,0.0570985100823,0.0272533139355,0.477303416433,0.441286199764,0.384187689681
24,ADD_24_X5_ACC2,input2,Non-ROI,0.0740999553374,0.0578126027773,0.780197538771,0.356150265957,0.430250221295
25,ADD_25_X5_ACC3,input1,ROI,0.0494993287164,0.0337126064561,0.681071992901,0.506515957447,0.45701662873
25,ADD_25_X5_ACC3,input1,Non-ROI,0.057909050266,0.0422940075331,0.73035229103,0.392840388593,0.450749438859
25,ADD_25_X5_ACC3,input2,ROI,0.0546149625839,0.0213917765278,0.391683441967,0.430670065012,0.376055102428
25,ADD_25_X5_ACC3,input2,Non-ROI,0.0665550214882,0.0507431274022,0.762423725024,0.360119311466,0.426674332954
26,ADD_26_X6_ACC1,input1,ROI,0.14166814645,0.0513042449263,0.36214382846,0.431443927305,0.289775780855
26,ADD_26_X6_ACC1,input1,Non-ROI,0.140459712671,0.0513302062801,0.36544433492,0.419688238771,0.560147951442
26,ADD_26_X6_ACC1,input2,ROI,0.143211952973,0.0528313509918,0.368903222775,0.433274231678,0.290062278705
26,ADD_26_X6_ACC1,input2,Non-ROI,0.141766798681,0.0527407446443,0.372024656936,0.41652168292,0.558288481601
27,ADD_27_X6_ACC2,input1,ROI,0.137240152265,0.0487241869212,0.355028656825,0.430409648345,0.29316949608
27,ADD_27_X6_ACC2,input1,Non-ROI,0.136575202596,0.0491707910266,0.360027223771,0.412696697695,0.549271900291
27,ADD_27_X6_ACC2,input2,ROI,0.141226756189,0.0520255761039,0.368383283081,0.442477467494,0.301250711305
27,ADD_27_X6_ACC2,input2,Non-ROI,0.139138434192,0.0519771513083,0.373564296668,0.411113881501,0.550252315693
28,ADD_28_X6_ACC3,input1,ROI,0.128374915249,0.0450805770054,0.351163441222,0.43787123227,0.309496317021
28,ADD_28_X6_ACC3,input1,Non-ROI,0.128414084669,0.0457239917367,0.356066796369,0.469823064421,0.59823714909
28,ADD_28_X6_ACC3,input2,ROI,0.138217538035,0.049729373636,0.359790619505,0.438265551123,0.300048013088
28,ADD_28_X6_ACC3,input2,Non-ROI,0.136280344529,0.0502415295526,0.368663065287,0.479447399527,0.615727744057
29,ADD_29_X7_ACC1,input1,ROI,0.0530927362362,0.0324614484713,0.611410350502,0.386116651891,0.333023915655
29,ADD_29_X7_ACC1,input1,Non-ROI,0.0814872810369,0.0648542519279,0.79588189841,0.404786310579,0.486273591616
29,ADD_29_X7_ACC1,input2,ROI,0.0540487324085,0.0324765932858,0.600876132309,0.416595559988,0.36254682758
29,ADD_29_X7_ACC1,input2,Non-ROI,0.0790683507499,0.064771414216,0.819182562955,0.38970338357,0.46877173432
30,ADD_30_X7_ACC2,input1,ROI,0.0504752347026,0.0315195943964,0.624456618817,0.43370918292,0.383233948217
30,ADD_30_X7_ACC2,input1,Non-ROI,0.0633737336641,0.0468854821616,0.739825152328,0.452768543144,0.516142276808
30,ADD_30_X7_ACC2,input2,ROI,0.0597013819384,0.0268809051074,0.450255994662,0.441083961288,0.38138257935
30,ADD_30_X7_ACC2,input2,Non-ROI,0.0795333054417,0.0623418852796,0.783846275889,0.344365950059,0.423899255501
31,ADD_31_X7_ACC3,input1,ROI,0.0491132845991,0.0303151579018,0.617249653515,0.520255245272,0.471141960673
31,ADD_31_X7_ACC3,input1,Non-ROI,0.0567315798348,0.0421837133721,0.743566695921,0.399001736111,0.455733315946
31,ADD_31_X7_ACC3,input2,ROI,0.0554389889761,0.0214013291908,0.386033901161,0.437982971336,0.38254398236
31,ADD_31_X7_ACC3,input2,Non-ROI,0.0680104557912,0.0513802205208,0.755475315127,0.342915189125,0.410925644917
